file,line,type,commit,author,date,time,timezone,datetime,depth,length
index.js,1,js,005d87ce,Iris Chen,2025-10-24,17:17:05,-07:00,2025-10-24T17:17:05-07:00,0,71
index.js,2,js,005d87ce,Iris Chen,2025-10-24,17:17:05,-07:00,2025-10-24T17:17:05-07:00,0,0
index.js,3,js,005d87ce,Iris Chen,2025-10-24,17:17:05,-07:00,2025-10-24T17:17:05-07:00,0,37
index.js,4,js,005d87ce,Iris Chen,2025-10-24,17:17:05,-07:00,2025-10-24T17:17:05-07:00,1,3
index.js,5,js,005d87ce,Iris Chen,2025-10-24,17:17:05,-07:00,2025-10-24T17:17:05-07:00,2,60
index.js,6,js,005d87ce,Iris Chen,2025-10-24,17:17:05,-07:00,2025-10-24T17:17:05-07:00,2,42
index.js,7,js,005d87ce,Iris Chen,2025-10-24,17:17:05,-07:00,2025-10-24T17:17:05-07:00,0,0
index.js,8,js,005d87ce,Iris Chen,2025-10-24,17:17:05,-07:00,2025-10-24T17:17:05-07:00,2,60
index.js,9,js,005d87ce,Iris Chen,2025-10-24,17:17:05,-07:00,2025-10-24T17:17:05-07:00,2,23
index.js,10,js,005d87ce,Iris Chen,2025-10-24,17:17:05,-07:00,2025-10-24T17:17:05-07:00,3,57
index.js,11,js,005d87ce,Iris Chen,2025-10-24,17:17:05,-07:00,2025-10-24T17:17:05-07:00,3,5
index.js,12,js,005d87ce,Iris Chen,2025-10-24,17:17:05,-07:00,2025-10-24T17:17:05-07:00,2,0
index.js,13,js,005d87ce,Iris Chen,2025-10-24,17:17:05,-07:00,2025-10-24T17:17:05-07:00,0,0
index.js,14,js,005d87ce,Iris Chen,2025-10-24,17:17:05,-07:00,2025-10-24T17:17:05-07:00,2,54
index.js,15,js,005d87ce,Iris Chen,2025-10-24,17:17:05,-07:00,2025-10-24T17:17:05-07:00,0,0
index.js,16,js,005d87ce,Iris Chen,2025-10-24,17:17:05,-07:00,2025-10-24T17:17:05-07:00,2,32
index.js,17,js,005d87ce,Iris Chen,2025-10-24,17:17:05,-07:00,2025-10-24T17:17:05-07:00,3,75
index.js,18,js,005d87ce,Iris Chen,2025-10-24,17:17:05,-07:00,2025-10-24T17:17:05-07:00,2,0
index.js,19,js,005d87ce,Iris Chen,2025-10-24,17:17:05,-07:00,2025-10-24T17:17:05-07:00,1,13
index.js,20,js,005d87ce,Iris Chen,2025-10-24,17:17:05,-07:00,2025-10-24T17:17:05-07:00,2,53
index.js,21,js,005d87ce,Iris Chen,2025-10-24,17:17:05,-07:00,2025-10-24T17:17:05-07:00,1,0
index.js,22,js,005d87ce,Iris Chen,2025-10-24,17:17:05,-07:00,2025-10-24T17:17:05-07:00,0,0
index.js,23,js,005d87ce,Iris Chen,2025-10-24,17:17:05,-07:00,2025-10-24T17:17:05-07:00,0,0
index.js,24,js,005d87ce,Iris Chen,2025-10-24,17:17:05,-07:00,2025-10-24T17:17:05-07:00,0,21
index.js,25,js,005d87ce,Iris Chen,2025-10-24,17:17:05,-07:00,2025-10-24T17:17:05-07:00,0,0
index.js,26,js,005d87ce,Iris Chen,2025-10-24,17:17:05,-07:00,2025-10-24T17:17:05-07:00,0,42
index.js,27,js,005d87ce,Iris Chen,2025-10-24,17:17:05,-07:00,2025-10-24T17:17:05-07:00,1,3
index.js,28,js,005d87ce,Iris Chen,2025-10-24,17:17:05,-07:00,2025-10-24T17:17:05-07:00,2,49
index.js,29,js,005d87ce,Iris Chen,2025-10-24,17:17:05,-07:00,2025-10-24T17:17:05-07:00,0,0
index.js,30,js,005d87ce,Iris Chen,2025-10-24,17:17:05,-07:00,2025-10-24T17:17:05-07:00,2,60
index.js,31,js,005d87ce,Iris Chen,2025-10-24,17:17:05,-07:00,2025-10-24T17:17:05-07:00,2,18
index.js,32,js,005d87ce,Iris Chen,2025-10-24,17:17:05,-07:00,2025-10-24T17:17:05-07:00,3,48
index.js,33,js,005d87ce,Iris Chen,2025-10-24,17:17:05,-07:00,2025-10-24T17:17:05-07:00,3,5
index.js,34,js,005d87ce,Iris Chen,2025-10-24,17:17:05,-07:00,2025-10-24T17:17:05-07:00,2,0
index.js,35,js,005d87ce,Iris Chen,2025-10-24,17:17:05,-07:00,2025-10-24T17:17:05-07:00,0,0
index.js,36,js,005d87ce,Iris Chen,2025-10-24,17:17:05,-07:00,2025-10-24T17:17:05-07:00,2,24
index.js,37,js,005d87ce,Iris Chen,2025-10-24,17:17:05,-07:00,2025-10-24T17:17:05-07:00,3,22
index.js,38,js,005d87ce,Iris Chen,2025-10-24,17:17:05,-07:00,2025-10-24T17:17:05-07:00,4,55
index.js,39,js,005d87ce,Iris Chen,2025-10-24,17:17:05,-07:00,2025-10-24T17:17:05-07:00,4,55
index.js,40,js,005d87ce,Iris Chen,2025-10-24,17:17:05,-07:00,2025-10-24T17:17:05-07:00,4,49
index.js,41,js,005d87ce,Iris Chen,2025-10-24,17:17:05,-07:00,2025-10-24T17:17:05-07:00,4,49
index.js,42,js,005d87ce,Iris Chen,2025-10-24,17:17:05,-07:00,2025-10-24T17:17:05-07:00,3,3
index.js,43,js,005d87ce,Iris Chen,2025-10-24,17:17:05,-07:00,2025-10-24T17:17:05-07:00,2,0
index.js,44,js,005d87ce,Iris Chen,2025-10-24,17:17:05,-07:00,2025-10-24T17:17:05-07:00,1,13
index.js,45,js,005d87ce,Iris Chen,2025-10-24,17:17:05,-07:00,2025-10-24T17:17:05-07:00,2,48
index.js,46,js,005d87ce,Iris Chen,2025-10-24,17:17:05,-07:00,2025-10-24T17:17:05-07:00,1,0
index.js,47,js,005d87ce,Iris Chen,2025-10-24,17:17:05,-07:00,2025-10-24T17:17:05-07:00,0,0
index.js,48,js,005d87ce,Iris Chen,2025-10-24,17:17:05,-07:00,2025-10-24T17:17:05-07:00,0,0
index.js,49,js,005d87ce,Iris Chen,2025-10-24,17:17:05,-07:00,2025-10-24T17:17:05-07:00,0,28
global.js,1,js,37b85d5c,Iris Chen,2025-10-15,17:23:02,-07:00,2025-10-15T17:23:02-07:00,0,25
global.js,2,js,95468060,Iris Chen,2025-10-14,14:58:20,-07:00,2025-10-14T14:58:20-07:00,0,0
global.js,3,js,37b85d5c,Iris Chen,2025-10-15,17:23:02,-07:00,2025-10-15T17:23:02-07:00,0,16
global.js,4,js,95468060,Iris Chen,2025-10-14,14:58:20,-07:00,2025-10-14T14:58:20-07:00,0,41
global.js,5,js,95468060,Iris Chen,2025-10-14,14:58:20,-07:00,2025-10-14T14:58:20-07:00,1,52
global.js,6,js,37b85d5c,Iris Chen,2025-10-15,17:23:02,-07:00,2025-10-15T17:23:02-07:00,0,0
global.js,7,js,37b85d5c,Iris Chen,2025-10-15,17:23:02,-07:00,2025-10-15T17:23:02-07:00,0,0
global.js,8,js,37b85d5c,Iris Chen,2025-10-15,17:23:02,-07:00,2025-10-15T17:23:02-07:00,0,27
global.js,9,js,37b85d5c,Iris Chen,2025-10-15,17:23:02,-07:00,2025-10-15T17:23:02-07:00,0,13
global.js,10,js,37b85d5c,Iris Chen,2025-10-15,17:23:02,-07:00,2025-10-15T17:23:02-07:00,1,25
global.js,11,js,37b85d5c,Iris Chen,2025-10-15,17:23:02,-07:00,2025-10-15T17:23:02-07:00,1,38
global.js,12,js,37b85d5c,Iris Chen,2025-10-15,17:23:02,-07:00,2025-10-15T17:23:02-07:00,1,34
global.js,13,js,37b85d5c,Iris Chen,2025-10-15,17:23:02,-07:00,2025-10-15T17:23:02-07:00,1,36
global.js,14,js,00000000,Not Committed Yet,2025-11-06,23:16:01,-08:00,2025-11-06T23:16:01-08:00,1,29
global.js,15,js,37b85d5c,Iris Chen,2025-10-15,17:23:02,-07:00,2025-10-15T17:23:02-07:00,1,54
global.js,16,js,37b85d5c,Iris Chen,2025-10-15,17:23:02,-07:00,2025-10-15T17:23:02-07:00,0,0
global.js,17,js,37b85d5c,Iris Chen,2025-10-15,17:23:02,-07:00,2025-10-15T17:23:02-07:00,0,0
global.js,18,js,37b85d5c,Iris Chen,2025-10-15,17:23:02,-07:00,2025-10-15T17:23:02-07:00,0,15
global.js,19,js,37b85d5c,Iris Chen,2025-10-15,17:23:02,-07:00,2025-10-15T17:23:02-07:00,1,68
global.js,20,js,37b85d5c,Iris Chen,2025-10-15,17:23:02,-07:00,2025-10-15T17:23:02-07:00,2,3
global.js,21,js,37b85d5c,Iris Chen,2025-10-15,17:23:02,-07:00,2025-10-15T17:23:02-07:00,2,14
global.js,22,js,37b85d5c,Iris Chen,2025-10-15,17:23:02,-07:00,2025-10-15T17:23:02-07:00,0,0
global.js,23,js,37b85d5c,Iris Chen,2025-10-15,17:23:02,-07:00,2025-10-15T17:23:02-07:00,0,40
global.js,24,js,37b85d5c,Iris Chen,2025-10-15,17:23:02,-07:00,2025-10-15T17:23:02-07:00,0,25
global.js,25,js,37b85d5c,Iris Chen,2025-10-15,17:23:02,-07:00,2025-10-15T17:23:02-07:00,0,0
global.js,26,js,37b85d5c,Iris Chen,2025-10-15,17:23:02,-07:00,2025-10-15T17:23:02-07:00,0,22
global.js,27,js,37b85d5c,Iris Chen,2025-10-15,17:23:02,-07:00,2025-10-15T17:23:02-07:00,1,14
global.js,28,js,37b85d5c,Iris Chen,2025-10-15,17:23:02,-07:00,2025-10-15T17:23:02-07:00,1,20
global.js,29,js,37b85d5c,Iris Chen,2025-10-15,17:23:02,-07:00,2025-10-15T17:23:02-07:00,0,0
global.js,30,js,37b85d5c,Iris Chen,2025-10-15,17:23:02,-07:00,2025-10-15T17:23:02-07:00,1,28
global.js,31,js,37b85d5c,Iris Chen,2025-10-15,17:23:02,-07:00,2025-10-15T17:23:02-07:00,2,20
global.js,32,js,37b85d5c,Iris Chen,2025-10-15,17:23:02,-07:00,2025-10-15T17:23:02-07:00,1,0
global.js,33,js,37b85d5c,Iris Chen,2025-10-15,17:23:02,-07:00,2025-10-15T17:23:02-07:00,0,0
global.js,34,js,37b85d5c,Iris Chen,2025-10-15,17:23:02,-07:00,2025-10-15T17:23:02-07:00,1,36
global.js,35,js,37b85d5c,Iris Chen,2025-10-15,17:23:02,-07:00,2025-10-15T17:23:02-07:00,1,11
global.js,36,js,37b85d5c,Iris Chen,2025-10-15,17:23:02,-07:00,2025-10-15T17:23:02-07:00,1,20
global.js,37,js,37b85d5c,Iris Chen,2025-10-15,17:23:02,-07:00,2025-10-15T17:23:02-07:00,0,0
global.js,38,js,37b85d5c,Iris Chen,2025-10-15,17:23:02,-07:00,2025-10-15T17:23:02-07:00,1,23
global.js,39,js,37b85d5c,Iris Chen,2025-10-15,17:23:02,-07:00,2025-10-15T17:23:02-07:00,1,17
global.js,40,js,37b85d5c,Iris Chen,2025-10-15,17:23:02,-07:00,2025-10-15T17:23:02-07:00,2,8
global.js,41,js,37b85d5c,Iris Chen,2025-10-15,17:23:02,-07:00,2025-10-15T17:23:02-07:00,2,58
global.js,42,js,37b85d5c,Iris Chen,2025-10-15,17:23:02,-07:00,2025-10-15T17:23:02-07:00,1,0
global.js,43,js,37b85d5c,Iris Chen,2025-10-15,17:23:02,-07:00,2025-10-15T17:23:02-07:00,0,0
global.js,44,js,37b85d5c,Iris Chen,2025-10-15,17:23:02,-07:00,2025-10-15T17:23:02-07:00,1,31
global.js,45,js,37b85d5c,Iris Chen,2025-10-15,17:23:02,-07:00,2025-10-15T17:23:02-07:00,1,52
global.js,46,js,37b85d5c,Iris Chen,2025-10-15,17:23:02,-07:00,2025-10-15T17:23:02-07:00,0,0
global.js,47,js,37b85d5c,Iris Chen,2025-10-15,17:23:02,-07:00,2025-10-15T17:23:02-07:00,1,12
global.js,48,js,37b85d5c,Iris Chen,2025-10-15,17:23:02,-07:00,2025-10-15T17:23:02-07:00,0,0
global.js,49,js,37b85d5c,Iris Chen,2025-10-15,17:23:02,-07:00,2025-10-15T17:23:02-07:00,0,0
global.js,50,js,37b85d5c,Iris Chen,2025-10-15,17:23:02,-07:00,2025-10-15T17:23:02-07:00,0,26
global.js,51,js,37b85d5c,Iris Chen,2025-10-15,17:23:02,-07:00,2025-10-15T17:23:02-07:00,0,31
global.js,52,js,37b85d5c,Iris Chen,2025-10-15,17:23:02,-07:00,2025-10-15T17:23:02-07:00,1,11
global.js,53,js,37b85d5c,Iris Chen,2025-10-15,17:23:02,-07:00,2025-10-15T17:23:02-07:00,1,0
global.js,54,js,37b85d5c,Iris Chen,2025-10-15,17:23:02,-07:00,2025-10-15T17:23:02-07:00,1,26
global.js,55,js,37b85d5c,Iris Chen,2025-10-15,17:23:02,-07:00,2025-10-15T17:23:02-07:00,2,4
global.js,56,js,37b85d5c,Iris Chen,2025-10-15,17:23:02,-07:00,2025-10-15T17:23:02-07:00,2,24
global.js,57,js,37b85d5c,Iris Chen,2025-10-15,17:23:02,-07:00,2025-10-15T17:23:02-07:00,3,43
global.js,58,js,37b85d5c,Iris Chen,2025-10-15,17:23:02,-07:00,2025-10-15T17:23:02-07:00,3,34
global.js,59,js,37b85d5c,Iris Chen,2025-10-15,17:23:02,-07:00,2025-10-15T17:23:02-07:00,3,32
global.js,60,js,37b85d5c,Iris Chen,2025-10-15,17:23:02,-07:00,2025-10-15T17:23:02-07:00,2,7
global.js,61,js,37b85d5c,Iris Chen,2025-10-15,17:23:02,-07:00,2025-10-15T17:23:02-07:00,1,6
global.js,62,js,37b85d5c,Iris Chen,2025-10-15,17:23:02,-07:00,2025-10-15T17:23:02-07:00,1,0
global.js,63,js,37b85d5c,Iris Chen,2025-10-15,17:23:02,-07:00,2025-10-15T17:23:02-07:00,0,0
global.js,64,js,37b85d5c,Iris Chen,2025-10-15,17:23:02,-07:00,2025-10-15T17:23:02-07:00,0,0
global.js,65,js,37b85d5c,Iris Chen,2025-10-15,17:23:02,-07:00,2025-10-15T17:23:02-07:00,0,58
global.js,66,js,37b85d5c,Iris Chen,2025-10-15,17:23:02,-07:00,2025-10-15T17:23:02-07:00,0,36
global.js,67,js,37b85d5c,Iris Chen,2025-10-15,17:23:02,-07:00,2025-10-15T17:23:02-07:00,0,0
global.js,68,js,37b85d5c,Iris Chen,2025-10-15,17:23:02,-07:00,2025-10-15T17:23:02-07:00,0,0
global.js,69,js,37b85d5c,Iris Chen,2025-10-15,17:23:02,-07:00,2025-10-15T17:23:02-07:00,0,0
global.js,70,js,37b85d5c,Iris Chen,2025-10-15,17:23:02,-07:00,2025-10-15T17:23:02-07:00,0,34
global.js,71,js,37b85d5c,Iris Chen,2025-10-15,17:23:02,-07:00,2025-10-15T17:23:02-07:00,1,43
global.js,72,js,37b85d5c,Iris Chen,2025-10-15,17:23:02,-07:00,2025-10-15T17:23:02-07:00,1,50
global.js,73,js,37b85d5c,Iris Chen,2025-10-15,17:23:02,-07:00,2025-10-15T17:23:02-07:00,1,30
global.js,74,js,37b85d5c,Iris Chen,2025-10-15,17:23:02,-07:00,2025-10-15T17:23:02-07:00,0,6
global.js,75,js,37b85d5c,Iris Chen,2025-10-15,17:23:02,-07:00,2025-10-15T17:23:02-07:00,0,0
global.js,76,js,37b85d5c,Iris Chen,2025-10-15,17:23:02,-07:00,2025-10-15T17:23:02-07:00,1,51
global.js,77,js,37b85d5c,Iris Chen,2025-10-15,17:23:02,-07:00,2025-10-15T17:23:02-07:00,1,31
global.js,78,js,37b85d5c,Iris Chen,2025-10-15,17:23:02,-07:00,2025-10-15T17:23:02-07:00,0,0
global.js,79,js,37b85d5c,Iris Chen,2025-10-15,17:23:02,-07:00,2025-10-15T17:23:02-07:00,0,0
global.js,80,js,37b85d5c,Iris Chen,2025-10-15,17:23:02,-07:00,2025-10-15T17:23:02-07:00,0,0
global.js,81,js,37b85d5c,Iris Chen,2025-10-15,17:23:02,-07:00,2025-10-15T17:23:02-07:00,0,48
global.js,82,js,37b85d5c,Iris Chen,2025-10-15,17:23:02,-07:00,2025-10-15T17:23:02-07:00,1,32
global.js,83,js,37b85d5c,Iris Chen,2025-10-15,17:23:02,-07:00,2025-10-15T17:23:02-07:00,1,45
global.js,84,js,37b85d5c,Iris Chen,2025-10-15,17:23:02,-07:00,2025-10-15T17:23:02-07:00,1,32
global.js,85,js,37b85d5c,Iris Chen,2025-10-15,17:23:02,-07:00,2025-10-15T17:23:02-07:00,1,46
global.js,86,js,37b85d5c,Iris Chen,2025-10-15,17:23:02,-07:00,2025-10-15T17:23:02-07:00,0,1
global.js,87,js,37b85d5c,Iris Chen,2025-10-15,17:23:02,-07:00,2025-10-15T17:23:02-07:00,0,0
global.js,88,js,37b85d5c,Iris Chen,2025-10-15,17:23:02,-07:00,2025-10-15T17:23:02-07:00,0,0
global.js,89,js,37b85d5c,Iris Chen,2025-10-15,17:23:02,-07:00,2025-10-15T17:23:02-07:00,0,9
global.js,90,js,37b85d5c,Iris Chen,2025-10-15,17:23:02,-07:00,2025-10-15T17:23:02-07:00,0,42
global.js,91,js,37b85d5c,Iris Chen,2025-10-15,17:23:02,-07:00,2025-10-15T17:23:02-07:00,0,0
global.js,92,js,37b85d5c,Iris Chen,2025-10-15,17:23:02,-07:00,2025-10-15T17:23:02-07:00,0,43
global.js,93,js,37b85d5c,Iris Chen,2025-10-15,17:23:02,-07:00,2025-10-15T17:23:02-07:00,1,21
global.js,94,js,37b85d5c,Iris Chen,2025-10-15,17:23:02,-07:00,2025-10-15T17:23:02-07:00,1,0
global.js,95,js,37b85d5c,Iris Chen,2025-10-15,17:23:02,-07:00,2025-10-15T17:23:02-07:00,1,30
global.js,96,js,37b85d5c,Iris Chen,2025-10-15,17:23:02,-07:00,2025-10-15T17:23:02-07:00,1,14
global.js,97,js,37b85d5c,Iris Chen,2025-10-15,17:23:02,-07:00,2025-10-15T17:23:02-07:00,0,0
global.js,98,js,37b85d5c,Iris Chen,2025-10-15,17:23:02,-07:00,2025-10-15T17:23:02-07:00,1,31
global.js,99,js,37b85d5c,Iris Chen,2025-10-15,17:23:02,-07:00,2025-10-15T17:23:02-07:00,0,0
global.js,100,js,37b85d5c,Iris Chen,2025-10-15,17:23:02,-07:00,2025-10-15T17:23:02-07:00,2,50
global.js,101,js,37b85d5c,Iris Chen,2025-10-15,17:23:02,-07:00,2025-10-15T17:23:02-07:00,1,0
global.js,102,js,37b85d5c,Iris Chen,2025-10-15,17:23:02,-07:00,2025-10-15T17:23:02-07:00,0,0
global.js,103,js,37b85d5c,Iris Chen,2025-10-15,17:23:02,-07:00,2025-10-15T17:23:02-07:00,1,47
global.js,104,js,37b85d5c,Iris Chen,2025-10-15,17:23:02,-07:00,2025-10-15T17:23:02-07:00,0,0
global.js,105,js,37b85d5c,Iris Chen,2025-10-15,17:23:02,-07:00,2025-10-15T17:23:02-07:00,1,36
global.js,106,js,37b85d5c,Iris Chen,2025-10-15,17:23:02,-07:00,2025-10-15T17:23:02-07:00,0,0
global.js,107,js,37b85d5c,Iris Chen,2025-10-15,17:23:02,-07:00,2025-10-15T17:23:02-07:00,1,18
global.js,108,js,37b85d5c,Iris Chen,2025-10-15,17:23:02,-07:00,2025-10-15T17:23:02-07:00,0,1
global.js,109,js,154f6bc4,Iris Chen,2025-10-23,17:19:44,-07:00,2025-10-23T17:19:44-07:00,0,0
global.js,110,js,154f6bc4,Iris Chen,2025-10-23,17:19:44,-07:00,2025-10-23T17:19:44-07:00,0,36
global.js,111,js,154f6bc4,Iris Chen,2025-10-23,17:19:44,-07:00,2025-10-23T17:19:44-07:00,1,3
global.js,112,js,154f6bc4,Iris Chen,2025-10-23,17:19:44,-07:00,2025-10-23T17:19:44-07:00,2,32
global.js,113,js,154f6bc4,Iris Chen,2025-10-23,17:19:44,-07:00,2025-10-23T17:19:44-07:00,2,17
global.js,114,js,154f6bc4,Iris Chen,2025-10-23,17:19:44,-07:00,2025-10-23T17:19:44-07:00,3,66
global.js,115,js,154f6bc4,Iris Chen,2025-10-23,17:19:44,-07:00,2025-10-23T17:19:44-07:00,2,0
global.js,116,js,154f6bc4,Iris Chen,2025-10-23,17:19:44,-07:00,2025-10-23T17:19:44-07:00,2,33
global.js,117,js,154f6bc4,Iris Chen,2025-10-23,17:19:44,-07:00,2025-10-23T17:19:44-07:00,2,10
global.js,118,js,154f6bc4,Iris Chen,2025-10-23,17:19:44,-07:00,2025-10-23T17:19:44-07:00,1,15
global.js,119,js,154f6bc4,Iris Chen,2025-10-23,17:19:44,-07:00,2025-10-23T17:19:44-07:00,2,59
global.js,120,js,154f6bc4,Iris Chen,2025-10-23,17:19:44,-07:00,2025-10-23T17:19:44-07:00,1,0
global.js,121,js,154f6bc4,Iris Chen,2025-10-23,17:19:44,-07:00,2025-10-23T17:19:44-07:00,0,0
global.js,122,js,154f6bc4,Iris Chen,2025-10-23,17:19:44,-07:00,2025-10-23T17:19:44-07:00,0,0
global.js,123,js,154f6bc4,Iris Chen,2025-10-23,17:19:44,-07:00,2025-10-23T17:19:44-07:00,0,10
global.js,124,js,154f6bc4,Iris Chen,2025-10-23,17:19:44,-07:00,2025-10-23T17:19:44-07:00,0,79
global.js,125,js,154f6bc4,Iris Chen,2025-10-23,17:19:44,-07:00,2025-10-23T17:19:44-07:00,1,22
global.js,126,js,154f6bc4,Iris Chen,2025-10-23,17:19:44,-07:00,2025-10-23T17:19:44-07:00,2,44
global.js,127,js,154f6bc4,Iris Chen,2025-10-23,17:19:44,-07:00,2025-10-23T17:19:44-07:00,2,5
global.js,128,js,154f6bc4,Iris Chen,2025-10-23,17:19:44,-07:00,2025-10-23T17:19:44-07:00,1,0
global.js,129,js,154f6bc4,Iris Chen,2025-10-23,17:19:44,-07:00,2025-10-23T17:19:44-07:00,0,0
global.js,130,js,154f6bc4,Iris Chen,2025-10-23,17:19:44,-07:00,2025-10-23T17:19:44-07:00,1,30
global.js,131,js,54e3a90a,Iris Chen,2025-10-31,21:12:59,-07:00,2025-10-31T21:12:59-07:00,0,0
global.js,132,js,154f6bc4,Iris Chen,2025-10-23,17:19:44,-07:00,2025-10-23T17:19:44-07:00,1,31
global.js,133,js,154f6bc4,Iris Chen,2025-10-23,17:19:44,-07:00,2025-10-23T17:19:44-07:00,2,48
global.js,134,js,154f6bc4,Iris Chen,2025-10-23,17:19:44,-07:00,2025-10-23T17:19:44-07:00,2,19
global.js,135,js,154f6bc4,Iris Chen,2025-10-23,17:19:44,-07:00,2025-10-23T17:19:44-07:00,3,49
global.js,136,js,154f6bc4,Iris Chen,2025-10-23,17:19:44,-07:00,2025-10-23T17:19:44-07:00,3,49
global.js,137,js,54e3a90a,Iris Chen,2025-10-31,21:12:59,-07:00,2025-10-31T21:12:59-07:00,3,24
global.js,138,js,54e3a90a,Iris Chen,2025-10-31,21:12:59,-07:00,2025-10-31T21:12:59-07:00,4,27
global.js,139,js,54e3a90a,Iris Chen,2025-10-31,21:12:59,-07:00,2025-10-31T21:12:59-07:00,4,61
global.js,140,js,54e3a90a,Iris Chen,2025-10-31,21:12:59,-07:00,2025-10-31T21:12:59-07:00,3,4
global.js,141,js,154f6bc4,Iris Chen,2025-10-23,17:19:44,-07:00,2025-10-23T17:19:44-07:00,2,0
global.js,142,js,154f6bc4,Iris Chen,2025-10-23,17:19:44,-07:00,2025-10-23T17:19:44-07:00,2,36
global.js,143,js,154f6bc4,Iris Chen,2025-10-23,17:19:44,-07:00,2025-10-23T17:19:44-07:00,1,0
global.js,144,js,154f6bc4,Iris Chen,2025-10-23,17:19:44,-07:00,2025-10-23T17:19:44-07:00,0,0
global.js,145,js,154f6bc4,Iris Chen,2025-10-23,17:19:44,-07:00,2025-10-23T17:19:44-07:00,1,26
global.js,146,js,154f6bc4,Iris Chen,2025-10-23,17:19:44,-07:00,2025-10-23T17:19:44-07:00,2,73
global.js,147,js,154f6bc4,Iris Chen,2025-10-23,17:19:44,-07:00,2025-10-23T17:19:44-07:00,1,0
global.js,148,js,005d87ce,Iris Chen,2025-10-24,17:17:05,-07:00,2025-10-24T17:17:05-07:00,0,0
global.js,149,js,005d87ce,Iris Chen,2025-10-24,17:17:05,-07:00,2025-10-24T17:17:05-07:00,0,0
global.js,150,js,54e3a90a,Iris Chen,2025-10-31,21:12:59,-07:00,2025-10-31T21:12:59-07:00,0,0
global.js,151,js,005d87ce,Iris Chen,2025-10-24,17:17:05,-07:00,2025-10-24T17:17:05-07:00,0,26
global.js,152,js,005d87ce,Iris Chen,2025-10-24,17:17:05,-07:00,2025-10-24T17:17:05-07:00,0,47
global.js,153,js,005d87ce,Iris Chen,2025-10-24,17:17:05,-07:00,2025-10-24T17:17:05-07:00,1,3
global.js,154,js,005d87ce,Iris Chen,2025-10-24,17:17:05,-07:00,2025-10-24T17:17:05-07:00,2,65
global.js,155,js,005d87ce,Iris Chen,2025-10-24,17:17:05,-07:00,2025-10-24T17:17:05-07:00,1,15
global.js,156,js,005d87ce,Iris Chen,2025-10-24,17:17:05,-07:00,2025-10-24T17:17:05-07:00,2,50
global.js,157,js,005d87ce,Iris Chen,2025-10-24,17:17:05,-07:00,2025-10-24T17:17:05-07:00,1,0
global.js,158,js,005d87ce,Iris Chen,2025-10-24,17:17:05,-07:00,2025-10-24T17:17:05-07:00,0,0
global.js,159,js,005d87ce,Iris Chen,2025-10-24,17:17:05,-07:00,2025-10-24T17:17:05-07:00,0,0
global.js,160,js,005d87ce,Iris Chen,2025-10-24,17:17:05,-07:00,2025-10-24T17:17:05-07:00,0,0
style.css,1,css,70e51a77,Iris Chen,2025-09-30,14:57:13,-07:00,2025-09-30T14:57:13-07:00,0,4
style.css,2,css,70e51a77,Iris Chen,2025-09-30,14:57:13,-07:00,2025-09-30T14:57:13-07:00,1,43
style.css,3,css,fdd81bda,Iris Chen,2025-10-07,17:08:46,-07:00,2025-10-07T17:08:46-07:00,2,42
style.css,4,css,fdd81bda,Iris Chen,2025-10-07,17:08:46,-07:00,2025-10-07T17:08:46-07:00,1,0
style.css,5,css,fdd81bda,Iris Chen,2025-10-07,17:08:46,-07:00,2025-10-07T17:08:46-07:00,1,19
style.css,6,css,fdd81bda,Iris Chen,2025-10-07,17:08:46,-07:00,2025-10-07T17:08:46-07:00,0,0
style.css,7,css,fdd81bda,Iris Chen,2025-10-07,17:08:46,-07:00,2025-10-07T17:08:46-07:00,1,15
style.css,8,css,fdd81bda,Iris Chen,2025-10-07,17:08:46,-07:00,2025-10-07T17:08:46-07:00,1,18
style.css,9,css,fdd81bda,Iris Chen,2025-10-07,17:08:46,-07:00,2025-10-07T17:08:46-07:00,0,0
style.css,10,css,fdd81bda,Iris Chen,2025-10-07,17:08:46,-07:00,2025-10-07T17:08:46-07:00,0,0
style.css,11,css,1f4b9040,Iris Chen,2025-10-07,18:22:37,-07:00,2025-10-07T18:22:37-07:00,1,12
style.css,12,css,06e86c60,Iris Chen,2025-10-10,18:49:13,-07:00,2025-10-10T18:49:13-07:00,0,0
style.css,13,css,fdd81bda,Iris Chen,2025-10-07,17:08:46,-07:00,2025-10-07T17:08:46-07:00,0,0
style.css,14,css,fdd81bda,Iris Chen,2025-10-07,17:08:46,-07:00,2025-10-07T17:08:46-07:00,0,0
style.css,15,css,1f4b9040,Iris Chen,2025-10-07,18:22:37,-07:00,2025-10-07T18:22:37-07:00,0,7
style.css,16,css,fdd81bda,Iris Chen,2025-10-07,17:08:46,-07:00,2025-10-07T17:08:46-07:00,0,4
style.css,17,css,37b85d5c,Iris Chen,2025-10-15,17:23:02,-07:00,2025-10-15T17:23:02-07:00,1,23
style.css,18,css,37b85d5c,Iris Chen,2025-10-15,17:23:02,-07:00,2025-10-15T17:23:02-07:00,0,0
style.css,19,css,1f4b9040,Iris Chen,2025-10-07,18:22:37,-07:00,2025-10-07T18:22:37-07:00,1,22
style.css,20,css,fdd81bda,Iris Chen,2025-10-07,17:08:46,-07:00,2025-10-07T17:08:46-07:00,1,32
style.css,21,css,fdd81bda,Iris Chen,2025-10-07,17:08:46,-07:00,2025-10-07T17:08:46-07:00,0,0
style.css,22,css,fdd81bda,Iris Chen,2025-10-07,17:08:46,-07:00,2025-10-07T17:08:46-07:00,0,0
style.css,23,css,1f4b9040,Iris Chen,2025-10-07,18:22:37,-07:00,2025-10-07T18:22:37-07:00,0,16
style.css,24,css,54e3a90a,Iris Chen,2025-10-31,21:12:59,-07:00,2025-10-31T21:12:59-07:00,0,14
style.css,25,css,fdd81bda,Iris Chen,2025-10-07,17:08:46,-07:00,2025-10-07T17:08:46-07:00,1,16
style.css,26,css,0d180a1b,Iris Chen,2025-10-03,12:33:18,-07:00,2025-10-03T12:33:18-07:00,0,0
style.css,27,css,0d180a1b,Iris Chen,2025-10-03,12:33:18,-07:00,2025-10-03T12:33:18-07:00,0,0
style.css,28,css,0d180a1b,Iris Chen,2025-10-03,12:33:18,-07:00,2025-10-03T12:33:18-07:00,0,3
style.css,29,css,54e3a90a,Iris Chen,2025-10-31,21:12:59,-07:00,2025-10-31T21:12:59-07:00,1,17
style.css,30,css,54e3a90a,Iris Chen,2025-10-31,21:12:59,-07:00,2025-10-31T21:12:59-07:00,0,0
style.css,31,css,1f4b9040,Iris Chen,2025-10-07,18:22:37,-07:00,2025-10-07T18:22:37-07:00,1,10
style.css,32,css,fdd81bda,Iris Chen,2025-10-07,17:08:46,-07:00,2025-10-07T17:08:46-07:00,0,0
style.css,33,css,fdd81bda,Iris Chen,2025-10-07,17:08:46,-07:00,2025-10-07T17:08:46-07:00,1,12
style.css,34,css,fdd81bda,Iris Chen,2025-10-07,17:08:46,-07:00,2025-10-07T17:08:46-07:00,0,0
style.css,35,css,37b85d5c,Iris Chen,2025-10-15,17:23:02,-07:00,2025-10-15T17:23:02-07:00,1,63
style.css,36,css,1f4b9040,Iris Chen,2025-10-07,18:22:37,-07:00,2025-10-07T18:22:37-07:00,0,0
style.css,37,css,0d180a1b,Iris Chen,2025-10-03,12:33:18,-07:00,2025-10-03T12:33:18-07:00,1,12
style.css,38,css,fdd81bda,Iris Chen,2025-10-07,17:08:46,-07:00,2025-10-07T17:08:46-07:00,1,17
style.css,39,css,37b85d5c,Iris Chen,2025-10-15,17:23:02,-07:00,2025-10-15T17:23:02-07:00,1,53
style.css,40,css,0d180a1b,Iris Chen,2025-10-03,12:33:18,-07:00,2025-10-03T12:33:18-07:00,0,0
style.css,41,css,0d180a1b,Iris Chen,2025-10-03,12:33:18,-07:00,2025-10-03T12:33:18-07:00,0,0
style.css,42,css,0d180a1b,Iris Chen,2025-10-03,12:33:18,-07:00,2025-10-03T12:33:18-07:00,0,5
style.css,43,css,fdd81bda,Iris Chen,2025-10-07,17:08:46,-07:00,2025-10-07T17:08:46-07:00,1,6
style.css,44,css,fdd81bda,Iris Chen,2025-10-07,17:08:46,-07:00,2025-10-07T17:08:46-07:00,1,17
style.css,45,css,fdd81bda,Iris Chen,2025-10-07,17:08:46,-07:00,2025-10-07T17:08:46-07:00,1,20
style.css,46,css,fdd81bda,Iris Chen,2025-10-07,17:08:46,-07:00,2025-10-07T17:08:46-07:00,1,13
style.css,47,css,fdd81bda,Iris Chen,2025-10-07,17:08:46,-07:00,2025-10-07T17:08:46-07:00,1,13
style.css,48,css,fdd81bda,Iris Chen,2025-10-07,17:08:46,-07:00,2025-10-07T17:08:46-07:00,0,0
style.css,49,css,fdd81bda,Iris Chen,2025-10-07,17:08:46,-07:00,2025-10-07T17:08:46-07:00,0,0
style.css,50,css,fdd81bda,Iris Chen,2025-10-07,17:08:46,-07:00,2025-10-07T17:08:46-07:00,0,13
style.css,51,css,085d2f27,Iris Chen,2025-10-17,12:11:08,-07:00,2025-10-17T12:11:08-07:00,1,25
style.css,52,css,085d2f27,Iris Chen,2025-10-17,12:11:08,-07:00,2025-10-17T12:11:08-07:00,1,15
style.css,53,css,085d2f27,Iris Chen,2025-10-17,12:11:08,-07:00,2025-10-17T12:11:08-07:00,1,43
style.css,54,css,fdd81bda,Iris Chen,2025-10-07,17:08:46,-07:00,2025-10-07T17:08:46-07:00,0,0
style.css,55,css,fdd81bda,Iris Chen,2025-10-07,17:08:46,-07:00,2025-10-07T17:08:46-07:00,0,0
style.css,56,css,fdd81bda,Iris Chen,2025-10-07,17:08:46,-07:00,2025-10-07T17:08:46-07:00,0,11
style.css,57,css,085d2f27,Iris Chen,2025-10-17,12:11:08,-07:00,2025-10-17T12:11:08-07:00,1,25
style.css,58,css,085d2f27,Iris Chen,2025-10-17,12:11:08,-07:00,2025-10-17T12:11:08-07:00,1,26
style.css,59,css,fdd81bda,Iris Chen,2025-10-07,17:08:46,-07:00,2025-10-07T17:08:46-07:00,1,45
style.css,60,css,085d2f27,Iris Chen,2025-10-17,12:11:08,-07:00,2025-10-17T12:11:08-07:00,1,69
style.css,61,css,fdd81bda,Iris Chen,2025-10-07,17:08:46,-07:00,2025-10-07T17:08:46-07:00,0,0
style.css,62,css,fdd81bda,Iris Chen,2025-10-07,17:08:46,-07:00,2025-10-07T17:08:46-07:00,0,0
style.css,63,css,1f4b9040,Iris Chen,2025-10-07,18:22:37,-07:00,2025-10-07T18:22:37-07:00,0,9
style.css,64,css,fdd81bda,Iris Chen,2025-10-07,17:08:46,-07:00,2025-10-07T17:08:46-07:00,0,4
style.css,65,css,fdd81bda,Iris Chen,2025-10-07,17:08:46,-07:00,2025-10-07T17:08:46-07:00,0,7
style.css,66,css,fdd81bda,Iris Chen,2025-10-07,17:08:46,-07:00,2025-10-07T17:08:46-07:00,0,6
style.css,67,css,fdd81bda,Iris Chen,2025-10-07,17:08:46,-07:00,2025-10-07T17:08:46-07:00,1,12
style.css,68,css,fdd81bda,Iris Chen,2025-10-07,17:08:46,-07:00,2025-10-07T17:08:46-07:00,0,0
style.css,69,css,fdd81bda,Iris Chen,2025-10-07,17:08:46,-07:00,2025-10-07T17:08:46-07:00,0,0
style.css,70,css,fdd81bda,Iris Chen,2025-10-07,17:08:46,-07:00,2025-10-07T17:08:46-07:00,0,4
style.css,71,css,fdd81bda,Iris Chen,2025-10-07,17:08:46,-07:00,2025-10-07T17:08:46-07:00,1,12
style.css,72,css,fdd81bda,Iris Chen,2025-10-07,17:08:46,-07:00,2025-10-07T17:08:46-07:00,1,30
style.css,73,css,fdd81bda,Iris Chen,2025-10-07,17:08:46,-07:00,2025-10-07T17:08:46-07:00,1,7
style.css,74,css,fdd81bda,Iris Chen,2025-10-07,17:08:46,-07:00,2025-10-07T17:08:46-07:00,0,0
style.css,75,css,fdd81bda,Iris Chen,2025-10-07,17:08:46,-07:00,2025-10-07T17:08:46-07:00,0,0
style.css,76,css,fdd81bda,Iris Chen,2025-10-07,17:08:46,-07:00,2025-10-07T17:08:46-07:00,0,10
style.css,77,css,fdd81bda,Iris Chen,2025-10-07,17:08:46,-07:00,2025-10-07T17:08:46-07:00,1,18
style.css,78,css,fdd81bda,Iris Chen,2025-10-07,17:08:46,-07:00,2025-10-07T17:08:46-07:00,1,18
style.css,79,css,fdd81bda,Iris Chen,2025-10-07,17:08:46,-07:00,2025-10-07T17:08:46-07:00,0,0
style.css,80,css,fdd81bda,Iris Chen,2025-10-07,17:08:46,-07:00,2025-10-07T17:08:46-07:00,0,0
style.css,81,css,fdd81bda,Iris Chen,2025-10-07,17:08:46,-07:00,2025-10-07T17:08:46-07:00,0,9
style.css,82,css,fdd81bda,Iris Chen,2025-10-07,17:08:46,-07:00,2025-10-07T17:08:46-07:00,0,13
style.css,83,css,fdd81bda,Iris Chen,2025-10-07,17:08:46,-07:00,2025-10-07T17:08:46-07:00,1,10
style.css,84,css,fdd81bda,Iris Chen,2025-10-07,17:08:46,-07:00,2025-10-07T17:08:46-07:00,1,21
style.css,85,css,fdd81bda,Iris Chen,2025-10-07,17:08:46,-07:00,2025-10-07T17:08:46-07:00,0,0
style.css,86,css,fdd81bda,Iris Chen,2025-10-07,17:08:46,-07:00,2025-10-07T17:08:46-07:00,0,0
style.css,87,css,fdd81bda,Iris Chen,2025-10-07,17:08:46,-07:00,2025-10-07T17:08:46-07:00,0,11
style.css,88,css,fdd81bda,Iris Chen,2025-10-07,17:08:46,-07:00,2025-10-07T17:08:46-07:00,1,18
style.css,89,css,fdd81bda,Iris Chen,2025-10-07,17:08:46,-07:00,2025-10-07T17:08:46-07:00,0,0
style.css,90,css,fdd81bda,Iris Chen,2025-10-07,17:08:46,-07:00,2025-10-07T17:08:46-07:00,0,0
style.css,91,css,1f4b9040,Iris Chen,2025-10-07,18:22:37,-07:00,2025-10-07T18:22:37-07:00,0,9
style.css,92,css,fdd81bda,Iris Chen,2025-10-07,17:08:46,-07:00,2025-10-07T17:08:46-07:00,0,9
style.css,93,css,fdd81bda,Iris Chen,2025-10-07,17:08:46,-07:00,2025-10-07T17:08:46-07:00,1,12
style.css,94,css,fdd81bda,Iris Chen,2025-10-07,17:08:46,-07:00,2025-10-07T17:08:46-07:00,1,58
style.css,95,css,fdd81bda,Iris Chen,2025-10-07,17:08:46,-07:00,2025-10-07T17:08:46-07:00,1,9
style.css,96,css,fdd81bda,Iris Chen,2025-10-07,17:08:46,-07:00,2025-10-07T17:08:46-07:00,1,16
style.css,97,css,fdd81bda,Iris Chen,2025-10-07,17:08:46,-07:00,2025-10-07T17:08:46-07:00,0,0
style.css,98,css,fdd81bda,Iris Chen,2025-10-07,17:08:46,-07:00,2025-10-07T17:08:46-07:00,0,0
style.css,99,css,fdd81bda,Iris Chen,2025-10-07,17:08:46,-07:00,2025-10-07T17:08:46-07:00,0,17
style.css,100,css,9f99850e,Iris Chen,2025-10-07,17:35:12,-07:00,2025-10-07T17:35:12-07:00,1,12
style.css,101,css,9f99850e,Iris Chen,2025-10-07,17:35:12,-07:00,2025-10-07T17:35:12-07:00,1,26
style.css,102,css,9f99850e,Iris Chen,2025-10-07,17:35:12,-07:00,2025-10-07T17:35:12-07:00,1,15
style.css,103,css,9f99850e,Iris Chen,2025-10-07,17:35:12,-07:00,2025-10-07T17:35:12-07:00,1,7
style.css,104,css,9f99850e,Iris Chen,2025-10-07,17:35:12,-07:00,2025-10-07T17:35:12-07:00,1,0
style.css,105,css,37b85d5c,Iris Chen,2025-10-15,17:23:02,-07:00,2025-10-15T17:23:02-07:00,1,52
style.css,106,css,fdd81bda,Iris Chen,2025-10-07,17:08:46,-07:00,2025-10-07T17:08:46-07:00,1,19
style.css,107,css,fdd81bda,Iris Chen,2025-10-07,17:08:46,-07:00,2025-10-07T17:08:46-07:00,1,11
style.css,108,css,37b85d5c,Iris Chen,2025-10-15,17:23:02,-07:00,2025-10-15T17:23:02-07:00,1,57
style.css,109,css,1f4b9040,Iris Chen,2025-10-07,18:22:37,-07:00,2025-10-07T18:22:37-07:00,1,41
style.css,110,css,fdd81bda,Iris Chen,2025-10-07,17:08:46,-07:00,2025-10-07T17:08:46-07:00,0,0
style.css,111,css,fdd81bda,Iris Chen,2025-10-07,17:08:46,-07:00,2025-10-07T17:08:46-07:00,0,0
style.css,112,css,fdd81bda,Iris Chen,2025-10-07,17:08:46,-07:00,2025-10-07T17:08:46-07:00,0,13
style.css,113,css,fdd81bda,Iris Chen,2025-10-07,17:08:46,-07:00,2025-10-07T17:08:46-07:00,1,13
style.css,114,css,fdd81bda,Iris Chen,2025-10-07,17:08:46,-07:00,2025-10-07T17:08:46-07:00,1,10
style.css,115,css,fdd81bda,Iris Chen,2025-10-07,17:08:46,-07:00,2025-10-07T17:08:46-07:00,1,11
style.css,116,css,fdd81bda,Iris Chen,2025-10-07,17:08:46,-07:00,2025-10-07T17:08:46-07:00,1,18
style.css,117,css,fdd81bda,Iris Chen,2025-10-07,17:08:46,-07:00,2025-10-07T17:08:46-07:00,0,0
style.css,118,css,fdd81bda,Iris Chen,2025-10-07,17:08:46,-07:00,2025-10-07T17:08:46-07:00,0,0
style.css,119,css,fdd81bda,Iris Chen,2025-10-07,17:08:46,-07:00,2025-10-07T17:08:46-07:00,0,12
style.css,120,css,fdd81bda,Iris Chen,2025-10-07,17:08:46,-07:00,2025-10-07T17:08:46-07:00,1,15
style.css,121,css,fdd81bda,Iris Chen,2025-10-07,17:08:46,-07:00,2025-10-07T17:08:46-07:00,1,25
style.css,122,css,fdd81bda,Iris Chen,2025-10-07,17:08:46,-07:00,2025-10-07T17:08:46-07:00,1,8
style.css,123,css,fdd81bda,Iris Chen,2025-10-07,17:08:46,-07:00,2025-10-07T17:08:46-07:00,0,0
style.css,124,css,fdd81bda,Iris Chen,2025-10-07,17:08:46,-07:00,2025-10-07T17:08:46-07:00,0,0
style.css,125,css,fdd81bda,Iris Chen,2025-10-07,17:08:46,-07:00,2025-10-07T17:08:46-07:00,0,11
style.css,126,css,fdd81bda,Iris Chen,2025-10-07,17:08:46,-07:00,2025-10-07T17:08:46-07:00,1,8
style.css,127,css,fdd81bda,Iris Chen,2025-10-07,17:08:46,-07:00,2025-10-07T17:08:46-07:00,0,0
style.css,128,css,9f99850e,Iris Chen,2025-10-07,17:35:12,-07:00,2025-10-07T17:35:12-07:00,0,0
style.css,129,css,fdd81bda,Iris Chen,2025-10-07,17:08:46,-07:00,2025-10-07T17:08:46-07:00,0,22
style.css,130,css,fdd81bda,Iris Chen,2025-10-07,17:08:46,-07:00,2025-10-07T17:08:46-07:00,1,15
style.css,131,css,fdd81bda,Iris Chen,2025-10-07,17:08:46,-07:00,2025-10-07T17:08:46-07:00,1,17
style.css,132,css,fdd81bda,Iris Chen,2025-10-07,17:08:46,-07:00,2025-10-07T17:08:46-07:00,1,15
style.css,133,css,fdd81bda,Iris Chen,2025-10-07,17:08:46,-07:00,2025-10-07T17:08:46-07:00,0,0
style.css,134,css,fdd81bda,Iris Chen,2025-10-07,17:08:46,-07:00,2025-10-07T17:08:46-07:00,0,0
style.css,135,css,fdd81bda,Iris Chen,2025-10-07,17:08:46,-07:00,2025-10-07T17:08:46-07:00,0,2
style.css,136,css,fdd81bda,Iris Chen,2025-10-07,17:08:46,-07:00,2025-10-07T17:08:46-07:00,1,14
style.css,137,css,fdd81bda,Iris Chen,2025-10-07,17:08:46,-07:00,2025-10-07T17:08:46-07:00,1,19
style.css,138,css,fdd81bda,Iris Chen,2025-10-07,17:08:46,-07:00,2025-10-07T17:08:46-07:00,0,0
style.css,139,css,fdd81bda,Iris Chen,2025-10-07,17:08:46,-07:00,2025-10-07T17:08:46-07:00,0,0
style.css,140,css,54e3a90a,Iris Chen,2025-10-31,21:12:59,-07:00,2025-10-31T21:12:59-07:00,0,13
style.css,141,css,1f4b9040,Iris Chen,2025-10-07,18:22:37,-07:00,2025-10-07T18:22:37-07:00,1,12
style.css,142,css,54e3a90a,Iris Chen,2025-10-31,21:12:59,-07:00,2025-10-31T21:12:59-07:00,1,21
style.css,143,css,fdd81bda,Iris Chen,2025-10-07,17:08:46,-07:00,2025-10-07T17:08:46-07:00,0,0
style.css,144,css,37b85d5c,Iris Chen,2025-10-15,17:23:02,-07:00,2025-10-15T17:23:02-07:00,0,0
style.css,145,css,54e3a90a,Iris Chen,2025-10-31,21:12:59,-07:00,2025-10-31T21:12:59-07:00,0,13
style.css,146,css,54e3a90a,Iris Chen,2025-10-31,21:12:59,-07:00,2025-10-31T21:12:59-07:00,1,30
style.css,147,css,54e3a90a,Iris Chen,2025-10-31,21:12:59,-07:00,2025-10-31T21:12:59-07:00,1,34
style.css,148,css,54e3a90a,Iris Chen,2025-10-31,21:12:59,-07:00,2025-10-31T21:12:59-07:00,1,13
style.css,149,css,54e3a90a,Iris Chen,2025-10-31,21:12:59,-07:00,2025-10-31T21:12:59-07:00,1,10
style.css,150,css,54e3a90a,Iris Chen,2025-10-31,21:12:59,-07:00,2025-10-31T21:12:59-07:00,1,14
style.css,151,css,54e3a90a,Iris Chen,2025-10-31,21:12:59,-07:00,2025-10-31T21:12:59-07:00,0,0
style.css,152,css,37b85d5c,Iris Chen,2025-10-15,17:23:02,-07:00,2025-10-15T17:23:02-07:00,0,0
style.css,153,css,54e3a90a,Iris Chen,2025-10-31,21:12:59,-07:00,2025-10-31T21:12:59-07:00,0,18
style.css,154,css,54e3a90a,Iris Chen,2025-10-31,21:12:59,-07:00,2025-10-31T21:12:59-07:00,1,14
style.css,155,css,54e3a90a,Iris Chen,2025-10-31,21:12:59,-07:00,2025-10-31T21:12:59-07:00,1,16
style.css,156,css,54e3a90a,Iris Chen,2025-10-31,21:12:59,-07:00,2025-10-31T21:12:59-07:00,1,16
style.css,157,css,54e3a90a,Iris Chen,2025-10-31,21:12:59,-07:00,2025-10-31T21:12:59-07:00,1,13
style.css,158,css,54e3a90a,Iris Chen,2025-10-31,21:12:59,-07:00,2025-10-31T21:12:59-07:00,1,18
style.css,159,css,54e3a90a,Iris Chen,2025-10-31,21:12:59,-07:00,2025-10-31T21:12:59-07:00,0,0
style.css,160,css,54e3a90a,Iris Chen,2025-10-31,21:12:59,-07:00,2025-10-31T21:12:59-07:00,0,0
style.css,161,css,54e3a90a,Iris Chen,2025-10-31,21:12:59,-07:00,2025-10-31T21:12:59-07:00,0,5
style.css,162,css,54e3a90a,Iris Chen,2025-10-31,21:12:59,-07:00,2025-10-31T21:12:59-07:00,0,0
style.css,163,css,54e3a90a,Iris Chen,2025-10-31,21:12:59,-07:00,2025-10-31T21:12:59-07:00,0,16
style.css,164,css,54e3a90a,Iris Chen,2025-10-31,21:12:59,-07:00,2025-10-31T21:12:59-07:00,1,12
style.css,165,css,54e3a90a,Iris Chen,2025-10-31,21:12:59,-07:00,2025-10-31T21:12:59-07:00,1,18
style.css,166,css,54e3a90a,Iris Chen,2025-10-31,21:12:59,-07:00,2025-10-31T21:12:59-07:00,1,22
style.css,167,css,54e3a90a,Iris Chen,2025-10-31,21:12:59,-07:00,2025-10-31T21:12:59-07:00,1,7
style.css,168,css,54e3a90a,Iris Chen,2025-10-31,21:12:59,-07:00,2025-10-31T21:12:59-07:00,1,14
style.css,169,css,54e3a90a,Iris Chen,2025-10-31,21:12:59,-07:00,2025-10-31T21:12:59-07:00,0,0
style.css,170,css,54e3a90a,Iris Chen,2025-10-31,21:12:59,-07:00,2025-10-31T21:12:59-07:00,0,0
style.css,171,css,54e3a90a,Iris Chen,2025-10-31,21:12:59,-07:00,2025-10-31T21:12:59-07:00,0,20
style.css,172,css,54e3a90a,Iris Chen,2025-10-31,21:12:59,-07:00,2025-10-31T21:12:59-07:00,1,11
style.css,173,css,54e3a90a,Iris Chen,2025-10-31,21:12:59,-07:00,2025-10-31T21:12:59-07:00,1,12
style.css,174,css,54e3a90a,Iris Chen,2025-10-31,21:12:59,-07:00,2025-10-31T21:12:59-07:00,0,0
style.css,175,css,54e3a90a,Iris Chen,2025-10-31,21:12:59,-07:00,2025-10-31T21:12:59-07:00,0,0
style.css,176,css,54e3a90a,Iris Chen,2025-10-31,21:12:59,-07:00,2025-10-31T21:12:59-07:00,0,7
style.css,177,css,54e3a90a,Iris Chen,2025-10-31,21:12:59,-07:00,2025-10-31T21:12:59-07:00,0,0
style.css,178,css,54e3a90a,Iris Chen,2025-10-31,21:12:59,-07:00,2025-10-31T21:12:59-07:00,1,12
style.css,179,css,54e3a90a,Iris Chen,2025-10-31,21:12:59,-07:00,2025-10-31T21:12:59-07:00,1,21
style.css,180,css,54e3a90a,Iris Chen,2025-10-31,21:12:59,-07:00,2025-10-31T21:12:59-07:00,1,9
style.css,181,css,54e3a90a,Iris Chen,2025-10-31,21:12:59,-07:00,2025-10-31T21:12:59-07:00,1,15
style.css,182,css,54e3a90a,Iris Chen,2025-10-31,21:12:59,-07:00,2025-10-31T21:12:59-07:00,1,9
style.css,183,css,54e3a90a,Iris Chen,2025-10-31,21:12:59,-07:00,2025-10-31T21:12:59-07:00,1,8
style.css,184,css,54e3a90a,Iris Chen,2025-10-31,21:12:59,-07:00,2025-10-31T21:12:59-07:00,0,0
style.css,185,css,54e3a90a,Iris Chen,2025-10-31,21:12:59,-07:00,2025-10-31T21:12:59-07:00,1,52
style.css,186,css,37b85d5c,Iris Chen,2025-10-15,17:23:02,-07:00,2025-10-15T17:23:02-07:00,1,19
style.css,187,css,54e3a90a,Iris Chen,2025-10-31,21:12:59,-07:00,2025-10-31T21:12:59-07:00,1,11
style.css,188,css,54e3a90a,Iris Chen,2025-10-31,21:12:59,-07:00,2025-10-31T21:12:59-07:00,1,57
style.css,189,css,54e3a90a,Iris Chen,2025-10-31,21:12:59,-07:00,2025-10-31T21:12:59-07:00,1,41
style.css,190,css,54e3a90a,Iris Chen,2025-10-31,21:12:59,-07:00,2025-10-31T21:12:59-07:00,0,0
style.css,191,css,54e3a90a,Iris Chen,2025-10-31,21:12:59,-07:00,2025-10-31T21:12:59-07:00,0,0
style.css,192,css,54e3a90a,Iris Chen,2025-10-31,21:12:59,-07:00,2025-10-31T21:12:59-07:00,0,29
style.css,193,css,54e3a90a,Iris Chen,2025-10-31,21:12:59,-07:00,2025-10-31T21:12:59-07:00,1,33
style.css,194,css,54e3a90a,Iris Chen,2025-10-31,21:12:59,-07:00,2025-10-31T21:12:59-07:00,0,0
style.css,195,css,54e3a90a,Iris Chen,2025-10-31,21:12:59,-07:00,2025-10-31T21:12:59-07:00,0,0
style.css,196,css,54e3a90a,Iris Chen,2025-10-31,21:12:59,-07:00,2025-10-31T21:12:59-07:00,0,21
style.css,197,css,54e3a90a,Iris Chen,2025-10-31,21:12:59,-07:00,2025-10-31T21:12:59-07:00,1,16
style.css,198,css,54e3a90a,Iris Chen,2025-10-31,21:12:59,-07:00,2025-10-31T21:12:59-07:00,1,21
style.css,199,css,54e3a90a,Iris Chen,2025-10-31,21:12:59,-07:00,2025-10-31T21:12:59-07:00,1,25
style.css,200,css,37b85d5c,Iris Chen,2025-10-15,17:23:02,-07:00,2025-10-15T17:23:02-07:00,0,0
style.css,201,css,37b85d5c,Iris Chen,2025-10-15,17:23:02,-07:00,2025-10-15T17:23:02-07:00,0,0
style.css,202,css,54e3a90a,Iris Chen,2025-10-31,21:12:59,-07:00,2025-10-31T21:12:59-07:00,0,0
style.css,203,css,54e3a90a,Iris Chen,2025-10-31,21:12:59,-07:00,2025-10-31T21:12:59-07:00,0,12
style.css,204,css,54e3a90a,Iris Chen,2025-10-31,21:12:59,-07:00,2025-10-31T21:12:59-07:00,1,12
style.css,205,css,54e3a90a,Iris Chen,2025-10-31,21:12:59,-07:00,2025-10-31T21:12:59-07:00,1,18
style.css,206,css,54e3a90a,Iris Chen,2025-10-31,21:12:59,-07:00,2025-10-31T21:12:59-07:00,1,9
style.css,207,css,54e3a90a,Iris Chen,2025-10-31,21:12:59,-07:00,2025-10-31T21:12:59-07:00,1,22
style.css,208,css,54e3a90a,Iris Chen,2025-10-31,21:12:59,-07:00,2025-10-31T21:12:59-07:00,0,0
style.css,209,css,54e3a90a,Iris Chen,2025-10-31,21:12:59,-07:00,2025-10-31T21:12:59-07:00,0,0
style.css,210,css,54e3a90a,Iris Chen,2025-10-31,21:12:59,-07:00,2025-10-31T21:12:59-07:00,0,20
style.css,211,css,54e3a90a,Iris Chen,2025-10-31,21:12:59,-07:00,2025-10-31T21:12:59-07:00,1,20
style.css,212,css,54e3a90a,Iris Chen,2025-10-31,21:12:59,-07:00,2025-10-31T21:12:59-07:00,1,9
style.css,213,css,54e3a90a,Iris Chen,2025-10-31,21:12:59,-07:00,2025-10-31T21:12:59-07:00,1,10
style.css,214,css,54e3a90a,Iris Chen,2025-10-31,21:12:59,-07:00,2025-10-31T21:12:59-07:00,1,29
style.css,215,css,54e3a90a,Iris Chen,2025-10-31,21:12:59,-07:00,2025-10-31T21:12:59-07:00,1,17
style.css,216,css,54e3a90a,Iris Chen,2025-10-31,21:12:59,-07:00,2025-10-31T21:12:59-07:00,0,0
style.css,217,css,54e3a90a,Iris Chen,2025-10-31,21:12:59,-07:00,2025-10-31T21:12:59-07:00,0,0
style.css,218,css,54e3a90a,Iris Chen,2025-10-31,21:12:59,-07:00,2025-10-31T21:12:59-07:00,0,25
style.css,219,css,54e3a90a,Iris Chen,2025-10-31,21:12:59,-07:00,2025-10-31T21:12:59-07:00,1,16
style.css,220,css,54e3a90a,Iris Chen,2025-10-31,21:12:59,-07:00,2025-10-31T21:12:59-07:00,2,21
style.css,221,css,54e3a90a,Iris Chen,2025-10-31,21:12:59,-07:00,2025-10-31T21:12:59-07:00,1,0
style.css,222,css,54e3a90a,Iris Chen,2025-10-31,21:12:59,-07:00,2025-10-31T21:12:59-07:00,0,0
style.css,223,css,54e3a90a,Iris Chen,2025-10-31,21:12:59,-07:00,2025-10-31T21:12:59-07:00,0,23
style.css,224,css,54e3a90a,Iris Chen,2025-10-31,21:12:59,-07:00,2025-10-31T21:12:59-07:00,1,14
style.css,225,css,54e3a90a,Iris Chen,2025-10-31,21:12:59,-07:00,2025-10-31T21:12:59-07:00,1,16
style.css,226,css,54e3a90a,Iris Chen,2025-10-31,21:12:59,-07:00,2025-10-31T21:12:59-07:00,0,0
style.css,227,css,54e3a90a,Iris Chen,2025-10-31,21:12:59,-07:00,2025-10-31T21:12:59-07:00,0,0
style.css,228,css,54e3a90a,Iris Chen,2025-10-31,21:12:59,-07:00,2025-10-31T21:12:59-07:00,0,51
style.css,229,css,54e3a90a,Iris Chen,2025-10-31,21:12:59,-07:00,2025-10-31T21:12:59-07:00,1,11
style.css,230,css,54e3a90a,Iris Chen,2025-10-31,21:12:59,-07:00,2025-10-31T21:12:59-07:00,0,0
style.css,231,css,54e3a90a,Iris Chen,2025-10-31,21:12:59,-07:00,2025-10-31T21:12:59-07:00,0,0
style.css,232,css,54e3a90a,Iris Chen,2025-10-31,21:12:59,-07:00,2025-10-31T21:12:59-07:00,0,13
style.css,233,css,54e3a90a,Iris Chen,2025-10-31,21:12:59,-07:00,2025-10-31T21:12:59-07:00,1,14
style.css,234,css,54e3a90a,Iris Chen,2025-10-31,21:12:59,-07:00,2025-10-31T21:12:59-07:00,1,21
style.css,235,css,54e3a90a,Iris Chen,2025-10-31,21:12:59,-07:00,2025-10-31T21:12:59-07:00,0,0
style.css,236,css,54e3a90a,Iris Chen,2025-10-31,21:12:59,-07:00,2025-10-31T21:12:59-07:00,0,0
style.css,237,css,54e3a90a,Iris Chen,2025-10-31,21:12:59,-07:00,2025-10-31T21:12:59-07:00,0,0
style.css,238,css,54e3a90a,Iris Chen,2025-10-31,21:12:59,-07:00,2025-10-31T21:12:59-07:00,0,8
style.css,239,css,54e3a90a,Iris Chen,2025-10-31,21:12:59,-07:00,2025-10-31T21:12:59-07:00,0,10
style.css,240,css,54e3a90a,Iris Chen,2025-10-31,21:12:59,-07:00,2025-10-31T21:12:59-07:00,1,13
style.css,241,css,54e3a90a,Iris Chen,2025-10-31,21:12:59,-07:00,2025-10-31T21:12:59-07:00,1,16
style.css,242,css,54e3a90a,Iris Chen,2025-10-31,21:12:59,-07:00,2025-10-31T21:12:59-07:00,1,17
style.css,243,css,54e3a90a,Iris Chen,2025-10-31,21:12:59,-07:00,2025-10-31T21:12:59-07:00,1,9
style.css,244,css,54e3a90a,Iris Chen,2025-10-31,21:12:59,-07:00,2025-10-31T21:12:59-07:00,1,15
style.css,245,css,54e3a90a,Iris Chen,2025-10-31,21:12:59,-07:00,2025-10-31T21:12:59-07:00,1,14
style.css,246,css,54e3a90a,Iris Chen,2025-10-31,21:12:59,-07:00,2025-10-31T21:12:59-07:00,1,21
style.css,247,css,54e3a90a,Iris Chen,2025-10-31,21:12:59,-07:00,2025-10-31T21:12:59-07:00,1,17
style.css,248,css,37b85d5c,Iris Chen,2025-10-15,17:23:02,-07:00,2025-10-15T17:23:02-07:00,0,0
style.css,249,css,37b85d5c,Iris Chen,2025-10-15,17:23:02,-07:00,2025-10-15T17:23:02-07:00,0,0
style.css,250,css,005d87ce,Iris Chen,2025-10-24,17:17:05,-07:00,2025-10-24T17:17:05-07:00,0,0
style.css,251,css,005d87ce,Iris Chen,2025-10-24,17:17:05,-07:00,2025-10-24T17:17:05-07:00,0,8
style.css,252,css,005d87ce,Iris Chen,2025-10-24,17:17:05,-07:00,2025-10-24T17:17:05-07:00,0,12
style.css,253,css,005d87ce,Iris Chen,2025-10-24,17:17:05,-07:00,2025-10-24T17:17:05-07:00,1,14
style.css,254,css,005d87ce,Iris Chen,2025-10-24,17:17:05,-07:00,2025-10-24T17:17:05-07:00,1,11
style.css,255,css,005d87ce,Iris Chen,2025-10-24,17:17:05,-07:00,2025-10-24T17:17:05-07:00,1,39
style.css,256,css,005d87ce,Iris Chen,2025-10-24,17:17:05,-07:00,2025-10-24T17:17:05-07:00,1,15
style.css,257,css,005d87ce,Iris Chen,2025-10-24,17:17:05,-07:00,2025-10-24T17:17:05-07:00,1,15
style.css,258,css,005d87ce,Iris Chen,2025-10-24,17:17:05,-07:00,2025-10-24T17:17:05-07:00,0,0
style.css,259,css,005d87ce,Iris Chen,2025-10-24,17:17:05,-07:00,2025-10-24T17:17:05-07:00,0,0
style.css,260,css,005d87ce,Iris Chen,2025-10-24,17:17:05,-07:00,2025-10-24T17:17:05-07:00,0,15
style.css,261,css,005d87ce,Iris Chen,2025-10-24,17:17:05,-07:00,2025-10-24T17:17:05-07:00,1,46
style.css,262,css,005d87ce,Iris Chen,2025-10-24,17:17:05,-07:00,2025-10-24T17:17:05-07:00,0,0
style.css,263,css,005d87ce,Iris Chen,2025-10-24,17:17:05,-07:00,2025-10-24T17:17:05-07:00,0,0
style.css,264,css,005d87ce,Iris Chen,2025-10-24,17:17:05,-07:00,2025-10-24T17:17:05-07:00,0,12
style.css,265,css,005d87ce,Iris Chen,2025-10-24,17:17:05,-07:00,2025-10-24T17:17:05-07:00,1,12
style.css,266,css,005d87ce,Iris Chen,2025-10-24,17:17:05,-07:00,2025-10-24T17:17:05-07:00,1,36
style.css,267,css,005d87ce,Iris Chen,2025-10-24,17:17:05,-07:00,2025-10-24T17:17:05-07:00,1,10
style.css,268,css,005d87ce,Iris Chen,2025-10-24,17:17:05,-07:00,2025-10-24T17:17:05-07:00,0,0
style.css,269,css,005d87ce,Iris Chen,2025-10-24,17:17:05,-07:00,2025-10-24T17:17:05-07:00,0,0
style.css,270,css,005d87ce,Iris Chen,2025-10-24,17:17:05,-07:00,2025-10-24T17:17:05-07:00,0,15
style.css,271,css,005d87ce,Iris Chen,2025-10-24,17:17:05,-07:00,2025-10-24T17:17:05-07:00,1,10
style.css,272,css,005d87ce,Iris Chen,2025-10-24,17:17:05,-07:00,2025-10-24T17:17:05-07:00,1,16
style.css,273,css,005d87ce,Iris Chen,2025-10-24,17:17:05,-07:00,2025-10-24T17:17:05-07:00,0,0
style.css,274,css,005d87ce,Iris Chen,2025-10-24,17:17:05,-07:00,2025-10-24T17:17:05-07:00,0,0
style.css,275,css,005d87ce,Iris Chen,2025-10-24,17:17:05,-07:00,2025-10-24T17:17:05-07:00,0,15
style.css,276,css,005d87ce,Iris Chen,2025-10-24,17:17:05,-07:00,2025-10-24T17:17:05-07:00,1,10
style.css,277,css,005d87ce,Iris Chen,2025-10-24,17:17:05,-07:00,2025-10-24T17:17:05-07:00,1,8
style.css,278,css,005d87ce,Iris Chen,2025-10-24,17:17:05,-07:00,2025-10-24T17:17:05-07:00,0,0
index.html,1,html,a0fcf15c,Iris Chen,2025-09-30,13:59:25,-07:00,2025-09-30T13:59:25-07:00,0,13
index.html,2,html,a0fcf15c,Iris Chen,2025-09-30,13:59:25,-07:00,2025-09-30T13:59:25-07:00,0,14
index.html,3,html,a0fcf15c,Iris Chen,2025-09-30,13:59:25,-07:00,2025-09-30T13:59:25-07:00,0,4
index.html,4,html,a0fcf15c,Iris Chen,2025-09-30,13:59:25,-07:00,2025-09-30T13:59:25-07:00,2,20
index.html,5,html,a0fcf15c,Iris Chen,2025-09-30,13:59:25,-07:00,2025-09-30T13:59:25-07:00,2,68
index.html,6,html,b56c9a1e,Iris Chen,2025-09-30,14:32:48,-07:00,2025-09-30T14:32:48-07:00,2,53
index.html,7,html,3d051bcc,Iris Chen,2025-09-30,15:26:20,-07:00,2025-09-30T15:26:20-07:00,2,38
index.html,8,html,95468060,Iris Chen,2025-10-14,14:58:20,-07:00,2025-10-14T14:58:20-07:00,2,45
index.html,9,html,005d87ce,Iris Chen,2025-10-24,17:17:05,-07:00,2025-10-24T17:17:05-07:00,2,52
index.html,10,html,005d87ce,Iris Chen,2025-10-24,17:17:05,-07:00,2025-10-24T17:17:05-07:00,0,0
index.html,11,html,95468060,Iris Chen,2025-10-14,14:58:20,-07:00,2025-10-14T14:58:20-07:00,0,0
index.html,12,html,a0fcf15c,Iris Chen,2025-09-30,13:59:25,-07:00,2025-09-30T13:59:25-07:00,0,5
index.html,13,html,a0fcf15c,Iris Chen,2025-09-30,13:59:25,-07:00,2025-09-30T13:59:25-07:00,0,4
index.html,14,html,fdd81bda,Iris Chen,2025-10-07,17:08:46,-07:00,2025-10-07T17:08:46-07:00,2,0
index.html,15,html,fdd81bda,Iris Chen,2025-10-07,17:08:46,-07:00,2025-10-07T17:08:46-07:00,2,6
index.html,16,html,fdd81bda,Iris Chen,2025-10-07,17:08:46,-07:00,2025-10-07T17:08:46-07:00,4,18
index.html,17,html,fdd81bda,Iris Chen,2025-10-07,17:08:46,-07:00,2025-10-07T17:08:46-07:00,4,91
index.html,18,html,37b85d5c,Iris Chen,2025-10-15,17:23:02,-07:00,2025-10-15T17:23:02-07:00,2,7
index.html,19,html,3d051bcc,Iris Chen,2025-09-30,15:26:20,-07:00,2025-09-30T15:26:20-07:00,0,0
index.html,20,html,fdd81bda,Iris Chen,2025-10-07,17:08:46,-07:00,2025-10-07T17:08:46-07:00,2,4
index.html,21,html,fdd81bda,Iris Chen,2025-10-07,17:08:46,-07:00,2025-10-07T17:08:46-07:00,4,77
index.html,22,html,fdd81bda,Iris Chen,2025-10-07,17:08:46,-07:00,2025-10-07T17:08:46-07:00,4,45
index.html,23,html,005d87ce,Iris Chen,2025-10-24,17:17:05,-07:00,2025-10-24T17:17:05-07:00,0,0
index.html,24,html,005d87ce,Iris Chen,2025-10-24,17:17:05,-07:00,2025-10-24T17:17:05-07:00,4,22
index.html,25,html,005d87ce,Iris Chen,2025-10-24,17:17:05,-07:00,2025-10-24T17:17:05-07:00,4,20
index.html,26,html,005d87ce,Iris Chen,2025-10-24,17:17:05,-07:00,2025-10-24T17:17:05-07:00,4,4
index.html,27,html,005d87ce,Iris Chen,2025-10-24,17:17:05,-07:00,2025-10-24T17:17:05-07:00,0,0
index.html,28,html,005d87ce,Iris Chen,2025-10-24,17:17:05,-07:00,2025-10-24T17:17:05-07:00,4,27
index.html,29,html,005d87ce,Iris Chen,2025-10-24,17:17:05,-07:00,2025-10-24T17:17:05-07:00,6,19
index.html,30,html,005d87ce,Iris Chen,2025-10-24,17:17:05,-07:00,2025-10-24T17:17:05-07:00,6,22
index.html,31,html,005d87ce,Iris Chen,2025-10-24,17:17:05,-07:00,2025-10-24T17:17:05-07:00,8,0
index.html,32,html,005d87ce,Iris Chen,2025-10-24,17:17:05,-07:00,2025-10-24T17:17:05-07:00,6,4
index.html,33,html,005d87ce,Iris Chen,2025-10-24,17:17:05,-07:00,2025-10-24T17:17:05-07:00,4,8
index.html,34,html,005d87ce,Iris Chen,2025-10-24,17:17:05,-07:00,2025-10-24T17:17:05-07:00,0,0
index.html,35,html,005d87ce,Iris Chen,2025-10-24,17:17:05,-07:00,2025-10-24T17:17:05-07:00,0,0
index.html,36,html,fdd81bda,Iris Chen,2025-10-07,17:08:46,-07:00,2025-10-07T17:08:46-07:00,2,5
index.html,37,html,a0fcf15c,Iris Chen,2025-09-30,13:59:25,-07:00,2025-09-30T13:59:25-07:00,0,5
index.html,38,html,a0fcf15c,Iris Chen,2025-09-30,13:59:25,-07:00,2025-09-30T13:59:25-07:00,0,5
resume\index.html,1,html,65a7f8d5,Iris Chen,2025-09-30,17:34:52,-07:00,2025-09-30T17:34:52-07:00,0,13
resume\index.html,2,html,65a7f8d5,Iris Chen,2025-09-30,17:34:52,-07:00,2025-09-30T17:34:52-07:00,0,14
resume\index.html,3,html,65a7f8d5,Iris Chen,2025-09-30,17:34:52,-07:00,2025-09-30T17:34:52-07:00,0,4
resume\index.html,4,html,02c69529,Iris Chen,2025-10-02,13:39:50,-07:00,2025-10-02T13:39:50-07:00,2,20
resume\index.html,5,html,02c69529,Iris Chen,2025-10-02,13:39:50,-07:00,2025-10-02T13:39:50-07:00,2,68
resume\index.html,6,html,fdd81bda,Iris Chen,2025-10-07,17:08:46,-07:00,2025-10-07T17:08:46-07:00,2,19
resume\index.html,7,html,657d5381,Iris Chen,2025-10-02,13:42:42,-07:00,2025-10-02T13:42:42-07:00,2,41
resume\index.html,8,html,95468060,Iris Chen,2025-10-14,14:58:20,-07:00,2025-10-14T14:58:20-07:00,2,48
resume\index.html,9,html,65a7f8d5,Iris Chen,2025-09-30,17:34:52,-07:00,2025-09-30T17:34:52-07:00,0,5
resume\index.html,10,html,65a7f8d5,Iris Chen,2025-09-30,17:34:52,-07:00,2025-09-30T17:34:52-07:00,0,4
resume\index.html,11,html,65a7f8d5,Iris Chen,2025-09-30,17:34:52,-07:00,2025-09-30T17:34:52-07:00,0,0
resume\index.html,12,html,65a7f8d5,Iris Chen,2025-09-30,17:34:52,-07:00,2025-09-30T17:34:52-07:00,2,27
resume\index.html,13,html,bcf2958f,Iris Chen,2025-10-01,17:55:42,-07:00,2025-10-01T17:55:42-07:00,4,25
resume\index.html,14,html,65a7f8d5,Iris Chen,2025-09-30,17:34:52,-07:00,2025-09-30T17:34:52-07:00,4,19
resume\index.html,15,html,65a7f8d5,Iris Chen,2025-09-30,17:34:52,-07:00,2025-09-30T17:34:52-07:00,6,27
resume\index.html,16,html,65a7f8d5,Iris Chen,2025-09-30,17:34:52,-07:00,2025-09-30T17:34:52-07:00,6,32
resume\index.html,17,html,65a7f8d5,Iris Chen,2025-09-30,17:34:52,-07:00,2025-09-30T17:34:52-07:00,6,50
resume\index.html,18,html,65a7f8d5,Iris Chen,2025-09-30,17:34:52,-07:00,2025-09-30T17:34:52-07:00,6,32
resume\index.html,19,html,65a7f8d5,Iris Chen,2025-09-30,17:34:52,-07:00,2025-09-30T17:34:52-07:00,6,24
resume\index.html,20,html,65a7f8d5,Iris Chen,2025-09-30,17:34:52,-07:00,2025-09-30T17:34:52-07:00,4,4
resume\index.html,21,html,65a7f8d5,Iris Chen,2025-09-30,17:34:52,-07:00,2025-09-30T17:34:52-07:00,2,7
resume\index.html,22,html,65a7f8d5,Iris Chen,2025-09-30,17:34:52,-07:00,2025-09-30T17:34:52-07:00,0,0
resume\index.html,23,html,65a7f8d5,Iris Chen,2025-09-30,17:34:52,-07:00,2025-09-30T17:34:52-07:00,2,24
resume\index.html,24,html,65a7f8d5,Iris Chen,2025-09-30,17:34:52,-07:00,2025-09-30T17:34:52-07:00,0,0
resume\index.html,25,html,65a7f8d5,Iris Chen,2025-09-30,17:34:52,-07:00,2025-09-30T17:34:52-07:00,4,23
resume\index.html,26,html,65a7f8d5,Iris Chen,2025-09-30,17:34:52,-07:00,2025-09-30T17:34:52-07:00,6,36
resume\index.html,27,html,65a7f8d5,Iris Chen,2025-09-30,17:34:52,-07:00,2025-09-30T17:34:52-07:00,6,333
resume\index.html,28,html,65a7f8d5,Iris Chen,2025-09-30,17:34:52,-07:00,2025-09-30T17:34:52-07:00,4,8
resume\index.html,29,html,65a7f8d5,Iris Chen,2025-09-30,17:34:52,-07:00,2025-09-30T17:34:52-07:00,0,0
resume\index.html,30,html,fdd81bda,Iris Chen,2025-10-07,17:08:46,-07:00,2025-10-07T17:08:46-07:00,0,0
resume\index.html,31,html,65a7f8d5,Iris Chen,2025-09-30,17:34:52,-07:00,2025-09-30T17:34:52-07:00,4,23
resume\index.html,32,html,65a7f8d5,Iris Chen,2025-09-30,17:34:52,-07:00,2025-09-30T17:34:52-07:00,6,38
resume\index.html,33,html,65a7f8d5,Iris Chen,2025-09-30,17:34:52,-07:00,2025-09-30T17:34:52-07:00,6,31
resume\index.html,34,html,65a7f8d5,Iris Chen,2025-09-30,17:34:52,-07:00,2025-09-30T17:34:52-07:00,8,22
resume\index.html,35,html,65a7f8d5,Iris Chen,2025-09-30,17:34:52,-07:00,2025-09-30T17:34:52-07:00,10,62
resume\index.html,36,html,65a7f8d5,Iris Chen,2025-09-30,17:34:52,-07:00,2025-09-30T17:34:52-07:00,10,63
resume\index.html,37,html,65a7f8d5,Iris Chen,2025-09-30,17:34:52,-07:00,2025-09-30T17:34:52-07:00,8,4
resume\index.html,38,html,65a7f8d5,Iris Chen,2025-09-30,17:34:52,-07:00,2025-09-30T17:34:52-07:00,8,22
resume\index.html,39,html,65a7f8d5,Iris Chen,2025-09-30,17:34:52,-07:00,2025-09-30T17:34:52-07:00,10,84
resume\index.html,40,html,65a7f8d5,Iris Chen,2025-09-30,17:34:52,-07:00,2025-09-30T17:34:52-07:00,8,4
resume\index.html,41,html,65a7f8d5,Iris Chen,2025-09-30,17:34:52,-07:00,2025-09-30T17:34:52-07:00,8,22
resume\index.html,42,html,65a7f8d5,Iris Chen,2025-09-30,17:34:52,-07:00,2025-09-30T17:34:52-07:00,10,61
resume\index.html,43,html,65a7f8d5,Iris Chen,2025-09-30,17:34:52,-07:00,2025-09-30T17:34:52-07:00,8,4
resume\index.html,44,html,65a7f8d5,Iris Chen,2025-09-30,17:34:52,-07:00,2025-09-30T17:34:52-07:00,8,20
resume\index.html,45,html,65a7f8d5,Iris Chen,2025-09-30,17:34:52,-07:00,2025-09-30T17:34:52-07:00,10,214
resume\index.html,46,html,65a7f8d5,Iris Chen,2025-09-30,17:34:52,-07:00,2025-09-30T17:34:52-07:00,8,2
resume\index.html,47,html,65a7f8d5,Iris Chen,2025-09-30,17:34:52,-07:00,2025-09-30T17:34:52-07:00,6,4
resume\index.html,48,html,65a7f8d5,Iris Chen,2025-09-30,17:34:52,-07:00,2025-09-30T17:34:52-07:00,4,8
resume\index.html,49,html,65a7f8d5,Iris Chen,2025-09-30,17:34:52,-07:00,2025-09-30T17:34:52-07:00,0,0
resume\index.html,50,html,fdd81bda,Iris Chen,2025-10-07,17:08:46,-07:00,2025-10-07T17:08:46-07:00,0,0
resume\index.html,51,html,65a7f8d5,Iris Chen,2025-09-30,17:34:52,-07:00,2025-09-30T17:34:52-07:00,4,23
resume\index.html,52,html,65a7f8d5,Iris Chen,2025-09-30,17:34:52,-07:00,2025-09-30T17:34:52-07:00,6,45
resume\index.html,53,html,65a7f8d5,Iris Chen,2025-09-30,17:34:52,-07:00,2025-09-30T17:34:52-07:00,6,28
resume\index.html,54,html,65a7f8d5,Iris Chen,2025-09-30,17:34:52,-07:00,2025-09-30T17:34:52-07:00,8,1
resume\index.html,55,html,fdd81bda,Iris Chen,2025-10-07,17:08:46,-07:00,2025-10-07T17:08:46-07:00,10,68
resume\index.html,56,html,65a7f8d5,Iris Chen,2025-09-30,17:34:52,-07:00,2025-09-30T17:34:52-07:00,8,2
resume\index.html,57,html,65a7f8d5,Iris Chen,2025-09-30,17:34:52,-07:00,2025-09-30T17:34:52-07:00,8,1
resume\index.html,58,html,fdd81bda,Iris Chen,2025-10-07,17:08:46,-07:00,2025-10-07T17:08:46-07:00,10,39
resume\index.html,59,html,65a7f8d5,Iris Chen,2025-09-30,17:34:52,-07:00,2025-09-30T17:34:52-07:00,8,2
resume\index.html,60,html,65a7f8d5,Iris Chen,2025-09-30,17:34:52,-07:00,2025-09-30T17:34:52-07:00,8,1
resume\index.html,61,html,fdd81bda,Iris Chen,2025-10-07,17:08:46,-07:00,2025-10-07T17:08:46-07:00,10,131
resume\index.html,62,html,65a7f8d5,Iris Chen,2025-09-30,17:34:52,-07:00,2025-09-30T17:34:52-07:00,8,2
resume\index.html,63,html,65a7f8d5,Iris Chen,2025-09-30,17:34:52,-07:00,2025-09-30T17:34:52-07:00,8,1
resume\index.html,64,html,65a7f8d5,Iris Chen,2025-09-30,17:34:52,-07:00,2025-09-30T17:34:52-07:00,10,92
resume\index.html,65,html,65a7f8d5,Iris Chen,2025-09-30,17:34:52,-07:00,2025-09-30T17:34:52-07:00,8,2
resume\index.html,66,html,65a7f8d5,Iris Chen,2025-09-30,17:34:52,-07:00,2025-09-30T17:34:52-07:00,6,4
resume\index.html,67,html,65a7f8d5,Iris Chen,2025-09-30,17:34:52,-07:00,2025-09-30T17:34:52-07:00,4,8
resume\index.html,68,html,65a7f8d5,Iris Chen,2025-09-30,17:34:52,-07:00,2025-09-30T17:34:52-07:00,0,0
resume\index.html,69,html,fdd81bda,Iris Chen,2025-10-07,17:08:46,-07:00,2025-10-07T17:08:46-07:00,4,0
resume\index.html,70,html,65a7f8d5,Iris Chen,2025-09-30,17:34:52,-07:00,2025-09-30T17:34:52-07:00,2,5
resume\index.html,71,html,65a7f8d5,Iris Chen,2025-09-30,17:34:52,-07:00,2025-09-30T17:34:52-07:00,0,0
resume\index.html,72,html,65a7f8d5,Iris Chen,2025-09-30,17:34:52,-07:00,2025-09-30T17:34:52-07:00,0,5
resume\index.html,73,html,65a7f8d5,Iris Chen,2025-09-30,17:34:52,-07:00,2025-09-30T17:34:52-07:00,0,5
contact\index.html,1,html,3d051bcc,Iris Chen,2025-09-30,15:26:20,-07:00,2025-09-30T15:26:20-07:00,0,13
contact\index.html,2,html,3d051bcc,Iris Chen,2025-09-30,15:26:20,-07:00,2025-09-30T15:26:20-07:00,0,14
contact\index.html,3,html,3d051bcc,Iris Chen,2025-09-30,15:26:20,-07:00,2025-09-30T15:26:20-07:00,0,4
contact\index.html,4,html,3d051bcc,Iris Chen,2025-09-30,15:26:20,-07:00,2025-09-30T15:26:20-07:00,2,20
contact\index.html,5,html,3d051bcc,Iris Chen,2025-09-30,15:26:20,-07:00,2025-09-30T15:26:20-07:00,2,68
contact\index.html,6,html,18543d4f,Iris Chen,2025-09-30,16:44:51,-07:00,2025-09-30T16:44:51-07:00,2,20
contact\index.html,7,html,657d5381,Iris Chen,2025-10-02,13:42:42,-07:00,2025-10-02T13:42:42-07:00,2,41
contact\index.html,8,html,95468060,Iris Chen,2025-10-14,14:58:20,-07:00,2025-10-14T14:58:20-07:00,2,48
contact\index.html,9,html,3d051bcc,Iris Chen,2025-09-30,15:26:20,-07:00,2025-09-30T15:26:20-07:00,0,5
contact\index.html,10,html,3d051bcc,Iris Chen,2025-09-30,15:26:20,-07:00,2025-09-30T15:26:20-07:00,0,4
contact\index.html,11,html,75d4211d,Iris Chen,2025-09-30,17:02:13,-07:00,2025-09-30T17:02:13-07:00,0,0
contact\index.html,12,html,fdd81bda,Iris Chen,2025-10-07,17:08:46,-07:00,2025-10-07T17:08:46-07:00,2,34
contact\index.html,13,html,fdd81bda,Iris Chen,2025-10-07,17:08:46,-07:00,2025-10-07T17:08:46-07:00,3,28
contact\index.html,14,html,fdd81bda,Iris Chen,2025-10-07,17:08:46,-07:00,2025-10-07T17:08:46-07:00,3,47
contact\index.html,15,html,fdd81bda,Iris Chen,2025-10-07,17:08:46,-07:00,2025-10-07T17:08:46-07:00,2,6
contact\index.html,16,html,fdd81bda,Iris Chen,2025-10-07,17:08:46,-07:00,2025-10-07T17:08:46-07:00,0,0
contact\index.html,17,html,37b85d5c,Iris Chen,2025-10-15,17:23:02,-07:00,2025-10-15T17:23:02-07:00,2,36
contact\index.html,18,html,75d4211d,Iris Chen,2025-09-30,17:02:13,-07:00,2025-09-30T17:02:13-07:00,2,5
contact\index.html,19,html,75d4211d,Iris Chen,2025-09-30,17:02:13,-07:00,2025-09-30T17:02:13-07:00,3,9
contact\index.html,20,html,75d4211d,Iris Chen,2025-09-30,17:02:13,-07:00,2025-09-30T17:02:13-07:00,3,31
contact\index.html,21,html,75d4211d,Iris Chen,2025-09-30,17:02:13,-07:00,2025-09-30T17:02:13-07:00,2,6
contact\index.html,22,html,75d4211d,Iris Chen,2025-09-30,17:02:13,-07:00,2025-09-30T17:02:13-07:00,2,6
contact\index.html,23,html,75d4211d,Iris Chen,2025-09-30,17:02:13,-07:00,2025-09-30T17:02:13-07:00,0,0
contact\index.html,24,html,75d4211d,Iris Chen,2025-09-30,17:02:13,-07:00,2025-09-30T17:02:13-07:00,2,5
contact\index.html,25,html,75d4211d,Iris Chen,2025-09-30,17:02:13,-07:00,2025-09-30T17:02:13-07:00,3,6
contact\index.html,26,html,75d4211d,Iris Chen,2025-09-30,17:02:13,-07:00,2025-09-30T17:02:13-07:00,3,20
contact\index.html,27,html,75d4211d,Iris Chen,2025-09-30,17:02:13,-07:00,2025-09-30T17:02:13-07:00,2,6
contact\index.html,28,html,75d4211d,Iris Chen,2025-09-30,17:02:13,-07:00,2025-09-30T17:02:13-07:00,2,6
contact\index.html,29,html,75d4211d,Iris Chen,2025-09-30,17:02:13,-07:00,2025-09-30T17:02:13-07:00,0,0
contact\index.html,30,html,75d4211d,Iris Chen,2025-09-30,17:02:13,-07:00,2025-09-30T17:02:13-07:00,2,5
contact\index.html,31,html,75d4211d,Iris Chen,2025-09-30,17:02:13,-07:00,2025-09-30T17:02:13-07:00,3,6
contact\index.html,32,html,75d4211d,Iris Chen,2025-09-30,17:02:13,-07:00,2025-09-30T17:02:13-07:00,3,31
contact\index.html,33,html,75d4211d,Iris Chen,2025-09-30,17:02:13,-07:00,2025-09-30T17:02:13-07:00,2,6
contact\index.html,34,html,75d4211d,Iris Chen,2025-09-30,17:02:13,-07:00,2025-09-30T17:02:13-07:00,2,6
contact\index.html,35,html,75d4211d,Iris Chen,2025-09-30,17:02:13,-07:00,2025-09-30T17:02:13-07:00,0,0
contact\index.html,36,html,75d4211d,Iris Chen,2025-09-30,17:02:13,-07:00,2025-09-30T17:02:13-07:00,2,19
contact\index.html,37,html,fdd81bda,Iris Chen,2025-10-07,17:08:46,-07:00,2025-10-07T17:08:46-07:00,0,0
contact\index.html,38,html,75d4211d,Iris Chen,2025-09-30,17:02:13,-07:00,2025-09-30T17:02:13-07:00,1,5
contact\index.html,39,html,3d051bcc,Iris Chen,2025-09-30,15:26:20,-07:00,2025-09-30T15:26:20-07:00,0,5
contact\index.html,40,html,3d051bcc,Iris Chen,2025-09-30,15:26:20,-07:00,2025-09-30T15:26:20-07:00,0,5
projects\projects.js,1,js,154f6bc4,Iris Chen,2025-10-23,17:19:44,-07:00,2025-10-23T17:19:44-07:00,0,55
projects\projects.js,2,js,54e3a90a,Iris Chen,2025-10-31,21:12:59,-07:00,2025-10-31T21:12:59-07:00,0,63
projects\projects.js,3,js,154f6bc4,Iris Chen,2025-10-23,17:19:44,-07:00,2025-10-23T17:19:44-07:00,0,0
projects\projects.js,4,js,154f6bc4,Iris Chen,2025-10-23,17:19:44,-07:00,2025-10-23T17:19:44-07:00,0,55
projects\projects.js,5,js,154f6bc4,Iris Chen,2025-10-23,17:19:44,-07:00,2025-10-23T17:19:44-07:00,0,52
projects\projects.js,6,js,154f6bc4,Iris Chen,2025-10-23,17:19:44,-07:00,2025-10-23T17:19:44-07:00,0,54
projects\projects.js,7,js,4642a188,Iris Chen,2025-10-31,21:31:34,-07:00,2025-10-31T21:31:34-07:00,0,55
projects\projects.js,8,js,4642a188,Iris Chen,2025-10-31,21:31:34,-07:00,2025-10-31T21:31:34-07:00,0,0
projects\projects.js,9,js,4642a188,Iris Chen,2025-10-31,21:31:34,-07:00,2025-10-31T21:31:34-07:00,0,40
projects\projects.js,10,js,154f6bc4,Iris Chen,2025-10-23,17:19:44,-07:00,2025-10-23T17:19:44-07:00,0,50
projects\projects.js,11,js,54e3a90a,Iris Chen,2025-10-31,21:12:59,-07:00,2025-10-31T21:12:59-07:00,0,0
projects\projects.js,12,js,54e3a90a,Iris Chen,2025-10-31,21:12:59,-07:00,2025-10-31T21:12:59-07:00,0,13
projects\projects.js,13,js,54e3a90a,Iris Chen,2025-10-31,21:12:59,-07:00,2025-10-31T21:12:59-07:00,0,21
projects\projects.js,14,js,4642a188,Iris Chen,2025-10-31,21:31:34,-07:00,2025-10-31T21:31:34-07:00,0,12
projects\projects.js,15,js,4642a188,Iris Chen,2025-10-31,21:31:34,-07:00,2025-10-31T21:31:34-07:00,0,0
projects\projects.js,16,js,4642a188,Iris Chen,2025-10-31,21:31:34,-07:00,2025-10-31T21:31:34-07:00,0,30
projects\projects.js,17,js,4642a188,Iris Chen,2025-10-31,21:31:34,-07:00,2025-10-31T21:31:34-07:00,1,29
projects\projects.js,18,js,4642a188,Iris Chen,2025-10-31,21:31:34,-07:00,2025-10-31T21:31:34-07:00,2,36
projects\projects.js,19,js,4642a188,Iris Chen,2025-10-31,21:31:34,-07:00,2025-10-31T21:31:34-07:00,3,9
projects\projects.js,20,js,4642a188,Iris Chen,2025-10-31,21:31:34,-07:00,2025-10-31T21:31:34-07:00,3,12
projects\projects.js,21,js,4642a188,Iris Chen,2025-10-31,21:31:34,-07:00,2025-10-31T21:31:34-07:00,3,29
projects\projects.js,22,js,4642a188,Iris Chen,2025-10-31,21:31:34,-07:00,2025-10-31T21:31:34-07:00,2,17
projects\projects.js,23,js,4642a188,Iris Chen,2025-10-31,21:31:34,-07:00,2025-10-31T21:31:34-07:00,3,67
projects\projects.js,24,js,4642a188,Iris Chen,2025-10-31,21:31:34,-07:00,2025-10-31T21:31:34-07:00,2,34
projects\projects.js,25,js,4642a188,Iris Chen,2025-10-31,21:31:34,-07:00,2025-10-31T21:31:34-07:00,1,1
projects\projects.js,26,js,4642a188,Iris Chen,2025-10-31,21:31:34,-07:00,2025-10-31T21:31:34-07:00,0,0
projects\projects.js,27,js,54e3a90a,Iris Chen,2025-10-31,21:12:59,-07:00,2025-10-31T21:12:59-07:00,0,0
projects\projects.js,28,js,54e3a90a,Iris Chen,2025-10-31,21:12:59,-07:00,2025-10-31T21:12:59-07:00,0,38
projects\projects.js,29,js,4642a188,Iris Chen,2025-10-31,21:31:34,-07:00,2025-10-31T21:31:34-07:00,1,42
projects\projects.js,30,js,4642a188,Iris Chen,2025-10-31,21:31:34,-07:00,2025-10-31T21:31:34-07:00,1,26
projects\projects.js,31,js,54e3a90a,Iris Chen,2025-10-31,21:12:59,-07:00,2025-10-31T21:12:59-07:00,0,0
projects\projects.js,32,js,4642a188,Iris Chen,2025-10-31,21:31:34,-07:00,2025-10-31T21:31:34-07:00,1,34
projects\projects.js,33,js,54e3a90a,Iris Chen,2025-10-31,21:12:59,-07:00,2025-10-31T21:12:59-07:00,1,29
projects\projects.js,34,js,54e3a90a,Iris Chen,2025-10-31,21:12:59,-07:00,2025-10-31T21:12:59-07:00,0,0
projects\projects.js,35,js,4642a188,Iris Chen,2025-10-31,21:31:34,-07:00,2025-10-31T21:31:34-07:00,1,28
projects\projects.js,36,js,54e3a90a,Iris Chen,2025-10-31,21:12:59,-07:00,2025-10-31T21:12:59-07:00,2,12
projects\projects.js,37,js,54e3a90a,Iris Chen,2025-10-31,21:12:59,-07:00,2025-10-31T21:12:59-07:00,2,14
projects\projects.js,38,js,54e3a90a,Iris Chen,2025-10-31,21:12:59,-07:00,2025-10-31T21:12:59-07:00,2,18
projects\projects.js,39,js,54e3a90a,Iris Chen,2025-10-31,21:12:59,-07:00,2025-10-31T21:12:59-07:00,1,0
projects\projects.js,40,js,54e3a90a,Iris Chen,2025-10-31,21:12:59,-07:00,2025-10-31T21:12:59-07:00,0,0
projects\projects.js,41,js,4642a188,Iris Chen,2025-10-31,21:31:34,-07:00,2025-10-31T21:31:34-07:00,1,41
projects\projects.js,42,js,54e3a90a,Iris Chen,2025-10-31,21:12:59,-07:00,2025-10-31T21:12:59-07:00,2,10
projects\projects.js,43,js,54e3a90a,Iris Chen,2025-10-31,21:12:59,-07:00,2025-10-31T21:12:59-07:00,2,10
projects\projects.js,44,js,54e3a90a,Iris Chen,2025-10-31,21:12:59,-07:00,2025-10-31T21:12:59-07:00,1,2
projects\projects.js,45,js,54e3a90a,Iris Chen,2025-10-31,21:12:59,-07:00,2025-10-31T21:12:59-07:00,0,0
projects\projects.js,46,js,4642a188,Iris Chen,2025-10-31,21:31:34,-07:00,2025-10-31T21:31:34-07:00,1,59
projects\projects.js,47,js,4642a188,Iris Chen,2025-10-31,21:31:34,-07:00,2025-10-31T21:31:34-07:00,1,52
projects\projects.js,48,js,4642a188,Iris Chen,2025-10-31,21:31:34,-07:00,2025-10-31T21:31:34-07:00,1,35
projects\projects.js,49,js,4642a188,Iris Chen,2025-10-31,21:31:34,-07:00,2025-10-31T21:31:34-07:00,1,47
projects\projects.js,50,js,54e3a90a,Iris Chen,2025-10-31,21:12:59,-07:00,2025-10-31T21:12:59-07:00,0,0
projects\projects.js,51,js,4642a188,Iris Chen,2025-10-31,21:31:34,-07:00,2025-10-31T21:31:34-07:00,1,49
projects\projects.js,52,js,54e3a90a,Iris Chen,2025-10-31,21:12:59,-07:00,2025-10-31T21:12:59-07:00,0,0
projects\projects.js,53,js,54e3a90a,Iris Chen,2025-10-31,21:12:59,-07:00,2025-10-31T21:12:59-07:00,1,24
projects\projects.js,54,js,4642a188,Iris Chen,2025-10-31,21:31:34,-07:00,2025-10-31T21:31:34-07:00,2,1
projects\projects.js,55,js,4642a188,Iris Chen,2025-10-31,21:31:34,-07:00,2025-10-31T21:31:34-07:00,3,13
projects\projects.js,56,js,4642a188,Iris Chen,2025-10-31,21:31:34,-07:00,2025-10-31T21:31:34-07:00,3,13
projects\projects.js,57,js,4642a188,Iris Chen,2025-10-31,21:31:34,-07:00,2025-10-31T21:31:34-07:00,3,22
projects\projects.js,58,js,4642a188,Iris Chen,2025-10-31,21:31:34,-07:00,2025-10-31T21:31:34-07:00,3,51
projects\projects.js,59,js,4642a188,Iris Chen,2025-10-31,21:31:34,-07:00,2025-10-31T21:31:34-07:00,3,18
projects\projects.js,60,js,4642a188,Iris Chen,2025-10-31,21:31:34,-07:00,2025-10-31T21:31:34-07:00,4,43
projects\projects.js,61,js,4642a188,Iris Chen,2025-10-31,21:31:34,-07:00,2025-10-31T21:31:34-07:00,0,0
projects\projects.js,62,js,4642a188,Iris Chen,2025-10-31,21:31:34,-07:00,2025-10-31T21:31:34-07:00,4,1
projects\projects.js,63,js,4642a188,Iris Chen,2025-10-31,21:31:34,-07:00,2025-10-31T21:31:34-07:00,5,16
projects\projects.js,64,js,4642a188,Iris Chen,2025-10-31,21:31:34,-07:00,2025-10-31T21:31:34-07:00,5,68
projects\projects.js,65,js,4642a188,Iris Chen,2025-10-31,21:31:34,-07:00,2025-10-31T21:31:34-07:00,0,0
projects\projects.js,66,js,4642a188,Iris Chen,2025-10-31,21:31:34,-07:00,2025-10-31T21:31:34-07:00,4,4
projects\projects.js,67,js,4642a188,Iris Chen,2025-10-31,21:31:34,-07:00,2025-10-31T21:31:34-07:00,5,14
projects\projects.js,68,js,4642a188,Iris Chen,2025-10-31,21:31:34,-07:00,2025-10-31T21:31:34-07:00,5,4
projects\projects.js,69,js,4642a188,Iris Chen,2025-10-31,21:31:34,-07:00,2025-10-31T21:31:34-07:00,6,6
projects\projects.js,70,js,4642a188,Iris Chen,2025-10-31,21:31:34,-07:00,2025-10-31T21:31:34-07:00,6,66
projects\projects.js,71,js,4642a188,Iris Chen,2025-10-31,21:31:34,-07:00,2025-10-31T21:31:34-07:00,5,0
projects\projects.js,72,js,4642a188,Iris Chen,2025-10-31,21:31:34,-07:00,2025-10-31T21:31:34-07:00,0,0
projects\projects.js,73,js,4642a188,Iris Chen,2025-10-31,21:31:34,-07:00,2025-10-31T21:31:34-07:00,4,37
projects\projects.js,74,js,4642a188,Iris Chen,2025-10-31,21:31:34,-07:00,2025-10-31T21:31:34-07:00,4,40
projects\projects.js,75,js,4642a188,Iris Chen,2025-10-31,21:31:34,-07:00,2025-10-31T21:31:34-07:00,4,17
projects\projects.js,76,js,4642a188,Iris Chen,2025-10-31,21:31:34,-07:00,2025-10-31T21:31:34-07:00,5,18
projects\projects.js,77,js,4642a188,Iris Chen,2025-10-31,21:31:34,-07:00,2025-10-31T21:31:34-07:00,6,31
projects\projects.js,78,js,4642a188,Iris Chen,2025-10-31,21:31:34,-07:00,2025-10-31T21:31:34-07:00,6,64
projects\projects.js,79,js,54e3a90a,Iris Chen,2025-10-31,21:12:59,-07:00,2025-10-31T21:12:59-07:00,3,1
projects\projects.js,80,js,4642a188,Iris Chen,2025-10-31,21:31:34,-07:00,2025-10-31T21:31:34-07:00,1,1
projects\projects.js,81,js,54e3a90a,Iris Chen,2025-10-31,21:12:59,-07:00,2025-10-31T21:12:59-07:00,0,0
projects\projects.js,82,js,54e3a90a,Iris Chen,2025-10-31,21:12:59,-07:00,2025-10-31T21:12:59-07:00,1,24
projects\projects.js,83,js,54e3a90a,Iris Chen,2025-10-31,21:12:59,-07:00,2025-10-31T21:12:59-07:00,2,4
projects\projects.js,84,js,54e3a90a,Iris Chen,2025-10-31,21:12:59,-07:00,2025-10-31T21:12:59-07:00,3,11
projects\projects.js,85,js,54e3a90a,Iris Chen,2025-10-31,21:12:59,-07:00,2025-10-31T21:12:59-07:00,3,38
projects\projects.js,86,js,4642a188,Iris Chen,2025-10-31,21:31:34,-07:00,2025-10-31T21:31:34-07:00,3,4
projects\projects.js,87,js,4642a188,Iris Chen,2025-10-31,21:31:34,-07:00,2025-10-31T21:31:34-07:00,4,6
projects\projects.js,88,js,4642a188,Iris Chen,2025-10-31,21:31:34,-07:00,2025-10-31T21:31:34-07:00,4,54
projects\projects.js,89,js,4642a188,Iris Chen,2025-10-31,21:31:34,-07:00,2025-10-31T21:31:34-07:00,3,0
projects\projects.js,90,js,4642a188,Iris Chen,2025-10-31,21:31:34,-07:00,2025-10-31T21:31:34-07:00,3,4
projects\projects.js,91,js,4642a188,Iris Chen,2025-10-31,21:31:34,-07:00,2025-10-31T21:31:34-07:00,4,61
projects\projects.js,92,js,4642a188,Iris Chen,2025-10-31,21:31:34,-07:00,2025-10-31T21:31:34-07:00,3,0
projects\projects.js,93,js,54e3a90a,Iris Chen,2025-10-31,21:12:59,-07:00,2025-10-31T21:12:59-07:00,3,18
projects\projects.js,94,js,4642a188,Iris Chen,2025-10-31,21:31:34,-07:00,2025-10-31T21:31:34-07:00,4,47
projects\projects.js,95,js,4642a188,Iris Chen,2025-10-31,21:31:34,-07:00,2025-10-31T21:31:34-07:00,0,0
projects\projects.js,96,js,4642a188,Iris Chen,2025-10-31,21:31:34,-07:00,2025-10-31T21:31:34-07:00,4,1
projects\projects.js,97,js,4642a188,Iris Chen,2025-10-31,21:31:34,-07:00,2025-10-31T21:31:34-07:00,5,16
projects\projects.js,98,js,4642a188,Iris Chen,2025-10-31,21:31:34,-07:00,2025-10-31T21:31:34-07:00,5,64
projects\projects.js,99,js,4642a188,Iris Chen,2025-10-31,21:31:34,-07:00,2025-10-31T21:31:34-07:00,0,0
projects\projects.js,100,js,4642a188,Iris Chen,2025-10-31,21:31:34,-07:00,2025-10-31T21:31:34-07:00,4,4
projects\projects.js,101,js,4642a188,Iris Chen,2025-10-31,21:31:34,-07:00,2025-10-31T21:31:34-07:00,5,14
projects\projects.js,102,js,4642a188,Iris Chen,2025-10-31,21:31:34,-07:00,2025-10-31T21:31:34-07:00,5,4
projects\projects.js,103,js,4642a188,Iris Chen,2025-10-31,21:31:34,-07:00,2025-10-31T21:31:34-07:00,6,6
projects\projects.js,104,js,4642a188,Iris Chen,2025-10-31,21:31:34,-07:00,2025-10-31T21:31:34-07:00,6,62
projects\projects.js,105,js,4642a188,Iris Chen,2025-10-31,21:31:34,-07:00,2025-10-31T21:31:34-07:00,5,0
projects\projects.js,106,js,4642a188,Iris Chen,2025-10-31,21:31:34,-07:00,2025-10-31T21:31:34-07:00,0,0
projects\projects.js,107,js,4642a188,Iris Chen,2025-10-31,21:31:34,-07:00,2025-10-31T21:31:34-07:00,4,37
projects\projects.js,108,js,4642a188,Iris Chen,2025-10-31,21:31:34,-07:00,2025-10-31T21:31:34-07:00,4,40
projects\projects.js,109,js,4642a188,Iris Chen,2025-10-31,21:31:34,-07:00,2025-10-31T21:31:34-07:00,4,17
projects\projects.js,110,js,4642a188,Iris Chen,2025-10-31,21:31:34,-07:00,2025-10-31T21:31:34-07:00,5,18
projects\projects.js,111,js,4642a188,Iris Chen,2025-10-31,21:31:34,-07:00,2025-10-31T21:31:34-07:00,6,31
projects\projects.js,112,js,4642a188,Iris Chen,2025-10-31,21:31:34,-07:00,2025-10-31T21:31:34-07:00,6,64
projects\projects.js,113,js,54e3a90a,Iris Chen,2025-10-31,21:12:59,-07:00,2025-10-31T21:12:59-07:00,3,1
projects\projects.js,114,js,54e3a90a,Iris Chen,2025-10-31,21:12:59,-07:00,2025-10-31T21:12:59-07:00,1,1
projects\projects.js,115,js,54e3a90a,Iris Chen,2025-10-31,21:12:59,-07:00,2025-10-31T21:12:59-07:00,0,0
projects\projects.js,116,js,54e3a90a,Iris Chen,2025-10-31,21:12:59,-07:00,2025-10-31T21:12:59-07:00,0,0
projects\projects.js,117,js,54e3a90a,Iris Chen,2025-10-31,21:12:59,-07:00,2025-10-31T21:12:59-07:00,0,23
projects\projects.js,118,js,54e3a90a,Iris Chen,2025-10-31,21:12:59,-07:00,2025-10-31T21:12:59-07:00,0,0
projects\projects.js,119,js,54e3a90a,Iris Chen,2025-10-31,21:12:59,-07:00,2025-10-31T21:12:59-07:00,0,48
projects\projects.js,120,js,54e3a90a,Iris Chen,2025-10-31,21:12:59,-07:00,2025-10-31T21:12:59-07:00,1,25
projects\projects.js,121,js,4642a188,Iris Chen,2025-10-31,21:31:34,-07:00,2025-10-31T21:31:34-07:00,1,37
projects\projects.js,122,js,4642a188,Iris Chen,2025-10-31,21:31:34,-07:00,2025-10-31T21:31:34-07:00,1,40
projects\projects.js,123,js,4642a188,Iris Chen,2025-10-31,21:31:34,-07:00,2025-10-31T21:31:34-07:00,1,23
projects\projects.js,124,js,54e3a90a,Iris Chen,2025-10-31,21:12:59,-07:00,2025-10-31T21:12:59-07:00,0,1
projects\index.html,1,html,3d051bcc,Iris Chen,2025-09-30,15:26:20,-07:00,2025-09-30T15:26:20-07:00,0,13
projects\index.html,2,html,3d051bcc,Iris Chen,2025-09-30,15:26:20,-07:00,2025-09-30T15:26:20-07:00,0,14
projects\index.html,3,html,3d051bcc,Iris Chen,2025-09-30,15:26:20,-07:00,2025-09-30T15:26:20-07:00,0,4
projects\index.html,4,html,3d051bcc,Iris Chen,2025-09-30,15:26:20,-07:00,2025-09-30T15:26:20-07:00,2,20
projects\index.html,5,html,3d051bcc,Iris Chen,2025-09-30,15:26:20,-07:00,2025-09-30T15:26:20-07:00,2,68
projects\index.html,6,html,18543d4f,Iris Chen,2025-09-30,16:44:51,-07:00,2025-09-30T16:44:51-07:00,2,20
projects\index.html,7,html,657d5381,Iris Chen,2025-10-02,13:42:42,-07:00,2025-10-02T13:42:42-07:00,2,41
projects\index.html,8,html,95468060,Iris Chen,2025-10-14,14:58:20,-07:00,2025-10-14T14:58:20-07:00,2,48
projects\index.html,9,html,3d051bcc,Iris Chen,2025-09-30,15:26:20,-07:00,2025-09-30T15:26:20-07:00,0,5
projects\index.html,10,html,3d051bcc,Iris Chen,2025-09-30,15:26:20,-07:00,2025-09-30T15:26:20-07:00,0,4
projects\index.html,11,html,54e3a90a,Iris Chen,2025-10-31,21:12:59,-07:00,2025-10-31T21:12:59-07:00,1,38
projects\index.html,12,html,02c69529,Iris Chen,2025-10-02,13:39:50,-07:00,2025-10-02T13:39:50-07:00,0,0
projects\index.html,13,html,54e3a90a,Iris Chen,2025-10-31,21:12:59,-07:00,2025-10-31T21:12:59-07:00,1,27
projects\index.html,14,html,54e3a90a,Iris Chen,2025-10-31,21:12:59,-07:00,2025-10-31T21:12:59-07:00,1,58
projects\index.html,15,html,54e3a90a,Iris Chen,2025-10-31,21:12:59,-07:00,2025-10-31T21:12:59-07:00,2,22
projects\index.html,16,html,54e3a90a,Iris Chen,2025-10-31,21:12:59,-07:00,2025-10-31T21:12:59-07:00,1,4
projects\index.html,17,html,fdd81bda,Iris Chen,2025-10-07,17:08:46,-07:00,2025-10-07T17:08:46-07:00,0,0
projects\index.html,18,html,54e3a90a,Iris Chen,2025-10-31,21:12:59,-07:00,2025-10-31T21:12:59-07:00,1,4
projects\index.html,19,html,54e3a90a,Iris Chen,2025-10-31,21:12:59,-07:00,2025-10-31T21:12:59-07:00,1,15
projects\index.html,20,html,54e3a90a,Iris Chen,2025-10-31,21:12:59,-07:00,2025-10-31T21:12:59-07:00,1,11
projects\index.html,21,html,54e3a90a,Iris Chen,2025-10-31,21:12:59,-07:00,2025-10-31T21:12:59-07:00,1,26
projects\index.html,22,html,54e3a90a,Iris Chen,2025-10-31,21:12:59,-07:00,2025-10-31T21:12:59-07:00,1,31
projects\index.html,23,html,54e3a90a,Iris Chen,2025-10-31,21:12:59,-07:00,2025-10-31T21:12:59-07:00,1,0
projects\index.html,24,html,fdd81bda,Iris Chen,2025-10-07,17:08:46,-07:00,2025-10-07T17:08:46-07:00,0,0
projects\index.html,25,html,54e3a90a,Iris Chen,2025-10-31,21:12:59,-07:00,2025-10-31T21:12:59-07:00,1,26
projects\index.html,26,html,54e3a90a,Iris Chen,2025-10-31,21:12:59,-07:00,2025-10-31T21:12:59-07:00,0,0
projects\index.html,27,html,54e3a90a,Iris Chen,2025-10-31,21:12:59,-07:00,2025-10-31T21:12:59-07:00,1,48
projects\index.html,28,html,54e3a90a,Iris Chen,2025-10-31,21:12:59,-07:00,2025-10-31T21:12:59-07:00,1,47
projects\index.html,29,html,3d051bcc,Iris Chen,2025-09-30,15:26:20,-07:00,2025-09-30T15:26:20-07:00,0,5
projects\index.html,30,html,54e3a90a,Iris Chen,2025-10-31,21:12:59,-07:00,2025-10-31T21:12:59-07:00,0,0
projects\index.html,31,html,3d051bcc,Iris Chen,2025-09-30,15:26:20,-07:00,2025-09-30T15:26:20-07:00,0,5
